Workbook

Sheet 요약
A1: 방향 적응형 3-UWB 호흡 분석 | 개발군 검증 장부
A2: 독립검증군 17명은 잠금 상태이며 이 장부의 성능 수치는 이미 분석한 개발군 10명에만 해당합니다.
A4: 연구 설계 | B4: 값 | D4: 개발군 결과 | E4: 값
A5: 개발군 | B5: =COUNTIF('프로토콜_잠금'!$C$5:$C$34,"development") -> 10 | D5: 전체 RR MAE | E5: =SUM('개발_구간결과'!$AE$5:$AE$84)/SUM('개발_구간결과'!$AB$5:$AB$84) -> 0.50074269
A6: 잠금 독립검증군 | B6: =COUNTIF('프로토콜_잠금'!$C$5:$C$34,"independent_validation") -> 17 | D6: 채택 RR MAE | E6: =SUM('개발_구간결과'!$AD$5:$AD$84)/SUM('개발_구간결과'!$AC$5:$AC$84) -> 0.32436396
A7: 부분검토 | B7: =COUNTIF('프로토콜_잠금'!$C$5:$C$34,"partial_review") -> 2 | D7: 채택 coverage | E7: =SUM('개발_구간결과'!$AC$5:$AC$84)/SUM('개발_구간결과'!$AB$5:$AB$84) -> 0.98571429
A8: 제외 | B8: =COUNTIF('프로토콜_잠금'!$C$5:$C$34,"excluded") -> 1 | D8: ±2회/분 이내 | E8: =SUM('개발_구간결과'!$AF$5:$AF$84)/SUM('개발_구간결과'!$AB$5:$AB$84) -> 0.92857143
A9: 1·2번 공통 사용 | B9: =COUNTIF('프로토콜_잠금'!$E$5:$E$34,"usable_both") -> 27 | D9: 파형 |상관| 중앙값 | E9: 0.82753943
D10: 스쿼트 움직임 검출 | E10: 9/10
A12: 판정: 개발군 기준선은 개선됐지만 독립 성능은 아직 모릅니다. post-hold 실패와 S18 스쿼트 미관측을 해결하기 전 최종 ANN/SNN을 학습하지 않습니다.

Sheet 프로토콜_잠금
A1: 참가자별 실험 1·2 프로토콜 잠금
A2: M01-M04 선택과 개발/독립검증 분리를 모델 결과와 무관하게 기록합니다.
A4: number | B4: subject | C4: cohort | D4: blind_status | E4: usability | F4: m01_s | G4: m02_s | H4: s01_duration_s | I4: m03_s | J4: m04_s | K4: s02_duration_s | L4: s01_duration_qc | M4: s02_duration_qc | N4: decision_basis
A5: 1 | B5: S01_CMS | C5: partial_review | D5: not_applicable | E5: partial_review | F5: 58.512 | G5: 245.772 | H5: 187.26 | I5: 302.516 | J5: 729.192 | K5: 426.676 | L5: pass | M5: review | N5: M01-M02는 개연성 있음; M03-M04 426.7초로 S02 내부 라벨 불확실
A6: 2 | B6: S02_RJS | C6: independent_validation | D6: locked_not_evaluated | E6: usable_both | F6: 25 | G6: 217 | H6: 192 | I6: 245 | J6: 611 | K6: 366 | L6: pass | M6: pass | N6: 기존 전수검사 M01-M04 유지
A7: 3 | B7: S03_PSJ | C7: independent_validation | D7: locked_not_evaluated | E7: usable_both | F7: 23 | G7: 210 | H7: 187 | I7: 276 | J7: 646 | K7: 370 | L7: pass | M7: pass | N7: 기존 전수검사 M01-M04 유지
A8: 4 | B8: S04_KTW | C8: independent_validation | D8: locked_not_evaluated | E8: usable_both | F8: 22.63 | G8: 223.48 | H8: 200.85 | I8: 274.189 | J8: 647.224 | K8: 373.035 | L8: pass | M8: pass | N8: 후반 마커 문제와 무관하게 M01-M04 시간 범위 정상
A9: 5 | B9: S05_LHS | C9: independent_validation | D9: locked_not_evaluated | E9: usable_both | F9: 15 | G9: 210 | H9: 195 | I9: 241 | J9: 612 | K9: 371 | L9: pass | M9: pass | N9: 기존 전수검사 M01-M04 유지
A10: 6 | B10: S06_LDW | C10: independent_validation | D10: locked_not_evaluated | E10: usable_both | F10: 22 | G10: 214 | H10: 192 | I10: 264 | J10: 638 | K10: 374 | L10: pass | M10: pass | N10: 기존 전수검사 M01-M04 유지
A11: 7 | B11: S07_KDM | C11: development | D11: already_seen | E11: usable_both | F11: 16.572 | G11: 214.345 | H11: 197.773 | I11: 275.598 | J11: 646.78 | K11: 371.182 | L11: pass | M11: pass | N11: 기존 전수검사 M01-M04 유지
A12: 8 | B12: S08_MDO | C12: development | D12: already_seen | E12: usable_both | F12: 23.796 | G12: 220.164 | H12: 196.368 | I12: 260.444 | J12: 645.896 | K12: 385.452 | L12: pass | M12: pass | N12: 기존 전수검사 M01-M04 유지
A13: 9 | B13: S09_HDH | C13: development | D13: already_seen | E13: usable_both | F13: 16.915 | G13: 209.824 | H13: 192.909 | I13: 272.428 | J13: 647.296 | K13: 374.868 | L13: pass | M13: pass | N13: 기존 전수검사 M01-M04 유지
A14: 10 | B14: S10_JKH | C14: independent_validation | D14: locked_not_evaluated | E14: usable_both | F14: 26.144 | G14: 212.468 | H14: 186.324 | I14: 244.7 | J14: 625.824 | K14: 381.124 | L14: pass | M14: pass | N14: 기존 전수검사 M01-M04 유지
A15: 11 | B15: S11_SJE | C15: independent_validation | D15: locked_not_evaluated | E15: usable_both | F15: 15.264 | G15: 207.48133 | H15: 192.217 | I15: 260.616 | J15: 635.616 | K15: 375 | L15: pass | M15: pass | N15: 후반 마커 문제와 무관하게 M01-M04 시간 범위 정상
A16: 12 | B16: S12_KDH | C16: independent_validation | D16: locked_not_evaluated | E16: usable_both | F16: 24.524 | G16: 222.644 | H16: 198.12 | I16: 270.448 | J16: 646.804 | K16: 376.356 | L16: pass | M16: pass | N16: 자동 추천 M04=764.472 대신 원후보 646.804 채택
... A25: 21 | B25: S21_PSJ | C25: development | D25: already_seen | E25: usable_both | F25: 19.952 | G25: 214.06 | H25: 194.108 | I25: 235.404 | J25: 612.212 | K25: 376.808 | L25: pass | M25: pass | N25: 기존 전수검사 M01-M04 유지
A26: 22 | B26: S22_KJH | C26: partial_review | D26: not_applicable | E26: partial_review | G26: 222.04 | I26: 304.812 | J26: 681.412 | K26: 376.6 | L26: missing | M26: pass | N26: M01 누락; S02는 M03=304.812 후보 기준 376.6초
A27: 23 | B27: S23_KDM | C27: development | D27: already_seen | E27: usable_both | F27: 17.032 | G27: 212.8 | H27: 195.768 | I27: 229.692 | J27: 603.524 | K27: 373.832 | L27: pass | M27: pass | N27: 기존 전수검사 M01-M04 유지
A28: 24 | B28: S24_KHJ | C28: excluded | D28: not_applicable | E28: excluded | L28: missing | M28: missing | N28: UWB 원본 누락
A29: 25 | B29: S25_GEC | C29: independent_validation | D29: locked_not_evaluated | E29: usable_both | F29: 19 | G29: 216.6 | H29: 197.6 | I29: 237 | J29: 611.8 | K29: 374.8 | L29: pass | M29: pass | N29: 기존 전수검사 M01-M04 유지
A30: 26 | B30: S26_LDW | C30: development | D30: already_seen | E30: usable_both | F30: 12.588 | G30: 206.844 | H30: 194.256 | I30: 257.132 | J30: 633.06 | K30: 375.928 | L30: pass | M30: pass | N30: 기존 전수검사 M01-M04 유지
A31: 27 | B31: S27_HDH | C31: independent_validation | D31: locked_not_evaluated | E31: usable_both | F31: 6.2 | G31: 198.3 | H31: 192.1 | I31: 221.1 | J31: 596.9 | K31: 375.8 | L31: pass | M31: pass | N31: 기존 전수검사 M01-M04 유지
A32: 28 | B32: S28_KDH | C32: development | D32: already_seen | E32: usable_both | F32: 14.424 | G32: 207.58 | H32: 193.156 | I32: 238.924 | J32: 616.316 | K32: 377.392 | L32: pass | M32: pass | N32: 기존 전수검사 M01-M04 유지
A33: 29 | B33: S29_LHS | C33: independent_validation | D33: locked_not_evaluated | E33: usable_both | F33: 17.784 | G33: 209.824 | H33: 192.04 | I33: 232.384 | J33: 606.668 | K33: 374.284 | L33: pass | M33: pass | N33: 기존 전수검사 M01-M04 유지
A34: 30 | B34: S30_SJE | C34: independent_validation | D34: locked_not_evaluated | E34: usable_both | F34: 6.45 | G34: 192.15 | H34: 185.7 | I34: 237.275 | J34: 620.125 | K34: 382.85 | L34: pass | M34: pass | N34: 기존 전수검사 M01-M04 유지

Sheet 개발_구간결과
A1: 개발군 구간별 호흡수 결과
A2: SQUAT은 호흡수 평가에서 제외하고 움직임 거절 성능만 평가합니다.
A4: subject | B4: experiment | C4: state | D4: nominal_facing_radar | E4: start_s | F4: end_s | G4: duration_s | H4: rsp_rr_bpm | I4: radar1_rr_bpm | J4: radar2_rr_bpm | K4: radar3_rr_bpm | L4: radar1_primary_rr_bpm | M4: radar2_primary_rr_bpm | N4: radar3_primary_rr_bpm | O4: quality_best_radar | P4: quality_best_rr_bpm | Q4: consensus_rr_bpm | R4: radar_rr_mad_bpm | S4: edge_quality | T4: motion_quality | U4: max_motion_index | V4: confidence | W4: reject | X4: rr_abs_error | Y4: oracle_abs_error | Z4: waveform_abs_corr | AA4: median_motion_index | AB4: rr_evaluable | AC4: accepted_for_rr | AD4: accepted_error | AE4: all_error | AF4: within2
A5: S07_KDM | B5: S01 | C5: FACE_R1 | D5: 1 | E5: 30.459 | F5: 79.4 | G5: 48.941 | H5: 11.537368 | I5: 11.6559 | J5: 11.535088 | K5: 11.554222 | L5: 11.674359 | M5: 11.625014 | N5: 11.641951 | O5: 2 | P5: 11.535088 | Q5: 11.554222 | R5: 0.019133684 | S5: 1 | T5: 1 | U5: 0.030606469 | V5: 0.8741543844593515 | W5: 0 | X5: 0.016853623 | Y5: 0.0022800608 | Z5: 0.96874625 | AA5: 0.030066882 | AB5: =IF(C5="SQUAT",0,1) -> 1 | AC5: =IF(AND(AB5=1,W5=0),1,0) -> 1 | AD5: =IF(AC5=1,X5,"") -> 0.016853623 | AE5: =IF(AB5=1,X5,"") -> 0.016853623 | AF5: =IF(AB5=1,IF(X5<=2,1,0),"") -> 1
A6: S07_KDM | B6: S01 | C6: FACE_R2 | D6: 2 | E6: 89.4 | F6: 141.3 | G6: 51.9 | H6: 17.278966 | I6: 16.952714 | J6: 17.043484 | K6: 16.871437 | L6: 16.982492 | M6: 17.216889 | N6: 16.790587 | O6: 1 | P6: 16.952714 | Q6: 16.952714 | R6: 0.081276306 | S6: 1 | T6: 1 | U6: 0.029611614 | V6: 0.8486230480034661 | W6: 0 | X6: 0.32625217 | Y6: 0.23548219 | Z6: 0.85616043 | AA6: 0.028282656 | AB6: =IF(C6="SQUAT",0,1) -> 1 | AC6: =IF(AND(AB6=1,W6=0),1,0) -> 1 | AD6: =IF(AC6=1,X6,"") -> 0.32625217 | AE6: =IF(AB6=1,X6,"") -> 0.32625217 | AF6: =IF(AB6=1,IF(X6<=2,1,0),"") -> 1
A7: S07_KDM | B7: S01 | C7: FACE_R3 | D7: 3 | E7: 151.3 | F7: 209.345 | G7: 58.045 | H7: 11.208947 | I7: 12.306798 | J7: 11.120985 | K7: 11.051201 | L7: 11.553488 | M7: 11.267908 | N7: 10.881613 | O7: 2 | P7: 11.120985 | Q7: 11.120985 | R7: 0.069784662 | S7: 1 | T7: 1 | U7: 0.03119889 | V7: 0.8650405018405339 | W7: 0 | X7: 0.087961621 | Y7: 0.087961621 | Z7: 0.50387948 | AA7: 0.028120924 | AB7: =IF(C7="SQUAT",0,1) -> 1 | AC7: =IF(AND(AB7=1,W7=0),1,0) -> 1 | AD7: =IF(AC7=1,X7,"") -> 0.087961621 | AE7: =IF(AB7=1,X7,"") -> 0.087961621 | AF7: =IF(AB7=1,IF(X7<=2,1,0),"") -> 1
A8: S07_KDM | B8: S02 | C8: NORMAL | E8: 286.189 | F8: 336.189 | G8: 50 | H8: 15.587172 | I8: 16.201647 | J8: 14.08496 | K8: 16.272127 | L8: 16.272527 | M8: 14.146643 | N8: 16.280309 | O8: 3 | P8: 16.272127 | Q8: 16.201647 | R8: 0.070479517 | S8: 1 | T8: 1 | U8: 0.031215165 | V8: 0.8547197311618137 | W8: 0 | X8: 0.61447497 | Y8: 0.61447497 | Z8: 0.67641054 | AA8: 0.030431163 | AB8: =IF(C8="SQUAT",0,1) -> 1 | AC8: =IF(AND(AB8=1,W8=0),1,0) -> 1 | AD8: =IF(AC8=1,X8,"") -> 0.61447497 | AE8: =IF(AB8=1,X8,"") -> 0.61447497 | AF8: =IF(AB8=1,IF(X8<=2,1,0),"") -> 1
A9: S07_KDM | B9: S02 | C9: SLOW | E9: 346.189 | F9: 396.189 | G9: 50 | H9: 6.0213334 | I9: 5.9200195 | J9: 5.9314017 | K9: 5.9797552 | L9: 5.8646906 | M9: 5.8932067 | N9: 5.9477077 | O9: 3 | P9: 5.9797552 | Q9: 5.9314017 | R9: 0.011382192 | S9: 0.80628891 | T9: 1 | U9: 0.031648521 | V9: 0.8165209410220492 | W9: 0 | X9: 0.0899317 | Y9: 0.041578192 | Z9: 0.91291175 | AA9: 0.029006981 | AB9: =IF(C9="SQUAT",0,1) -> 1 | AC9: =IF(AND(AB9=1,W9=0),1,0) -> 1 | AD9: =IF(AC9=1,X9,"") -> 0.0899317 | AE9: =IF(AB9=1,X9,"") -> 0.0899317 | AF9: =IF(AB9=1,IF(X9<=2,1,0),"") -> 1
A10: S07_KDM | B10: S02 | C10: POST_HOLD | E10: 436.189 | F10: 486.189 | G10: 50 | H10: 11.412533 | I10: 11.500329 | J10: 11.726805 | K10: 11.282329 | L10: 11.313121 | M10: 11.889989 | N10: 11.277713 | O10: 3 | P10: 11.282329 | Q10: 11.500329 | R10: 0.21800043 | S10: 1 | T10: 1 | U10: 0.032211252 | V10: 0.8401850863553603 | W10: 0 | X10: 0.087795606 | Y10: 0.087795606 | Z10: 0.74294725 | AA10: 0.030958891 | AB10: =IF(C10="SQUAT",0,1) -> 1 | AC10: =IF(AND(AB10=1,W10=0),1,0) -> 1 | AD10: =IF(AC10=1,X10,"") -> 0.087795606 | AE10: =IF(AB10=1,X10,"") -> 0.087795606 | AF10: =IF(AB10=1,IF(X10<=2,1,0),"") -> 1
A11: S07_KDM | B11: S02 | C11: SQUAT | E11: 511.189 | F11: 561.189 | G11: 50 | H11: 22.079795 | I11: 14.366648 | J11: 10.976912 | K11: 11.71282 | L11: 14.462492 | M11: 10.954205 | N11: 11.712256 | O11: 1 | P11: 14.366648 | Q11: 11.71282 | R11: 0.73590788 | S11: 1 | T11: 0 | U11: 0.15569546 | V11: 0.6145999783212648 | W11: 1 | X11: 10.366975 | Y11: 7.7131472 | Z11: 0.29414127 | AA11: 0.079579759 | AB11: =IF(C11="SQUAT",0,1) -> 0 | AC11: =IF(AND(AB11=1,W11=0),1,0) -> 0 | AD11: =IF(AC11=1,X11,"") | AE11: =IF(AB11=1,X11,"") | AF11: =IF(AB11=1,IF(X11<=2,1,0),"")
A12: S07_KDM | B12: S02 | C12: POST_EXERCISE | E12: 586.189 | F12: 636.189 | G12: 50 | H12: 21.914253 | I12: 21.865989 | J12: 21.816558 | K12: 21.824771 | L12: 21.76117 | M12: 21.821438 | N12: 21.843625 | O12: 3 | P12: 21.824771 | Q12: 21.824771 | R12: 0.0082137058 | S12: 1 | T12: 1 | U12: 0.032234432 | V12: 0.8555773150696654 | W12: 0 | X12: 0.089481875 | Y12: 0.04826436 | Z12: 0.82749296 | AA12: 0.03125472 | AB12: =IF(C12="SQUAT",0,1) -> 1 | AC12: =IF(AND(AB12=1,W12=0),1,0) -> 1 | AD12: =IF(AC12=1,X12,"") -> 0.089481875 | AE12: =IF(AB12=1,X12,"") -> 0.089481875 | AF12: =IF(AB12=1,IF(X12<=2,1,0),"") -> 1
A13: S08_MDO | B13: S01 | C13: FACE_R1 | D13: 1 | E13: 36.98 | F13: 85.1 | G13: 48.12 | H13: 10.290275 | I13: 10.31621 | J13: 10.460557 | K13: 11.033514 | L13: 10.300655 | M13: 10.540893 | N13: 11.128124 | O13: 1 | P13: 10.31621 | Q13: 10.31621 | R13: 0.14434722 | S13: 0.73375845 | T13: 1 | U13: 0.028124239 | V13: 0.8156217252269141 | W13: 0 | X13: 0.025934873 | Y13: 0.025934873 | Z13: 0.94508263 | AA13: 0.025058695 | AB13: =IF(C13="SQUAT",0,1) -> 1 | AC13: =IF(AND(AB13=1,W13=0),1,0) -> 1 | AD13: =IF(AC13=1,X13,"") -> 0.025934873 | AE13: =IF(AB13=1,X13,"") -> 0.025934873 | AF13: =IF(AB13=1,IF(X13<=2,1,0),"") -> 1
A14: S08_MDO | B14: S01 | C14: FACE_R2 | D14: 2 | E14: 95.1 | F14: 146.8 | G14: 51.7 | H14: 10.433251 | I14: 10.482726 | J14: 10.381755 | K14: 10.251072 | L14: 10.61474 | M14: 10.38101 | N14: 10.243153 | O14: 2 | P14: 10.381755 | Q14: 10.381755 | R14: 0.1009706 | S14: 0.65762389 | T14: 1 | U14: 0.035140237 | V14: 0.7766231196711205 | W14: 0 | X14: 0.051495646 | Y14: 0.049474957 | Z14: 0.93017615 | AA14: 0.027306642 | AB14: =IF(C14="SQUAT",0,1) -> 1 | AC14: =IF(AND(AB14=1,W14=0),1,0) -> 1 | AD14: =IF(AC14=1,X14,"") -> 0.051495646 | AE14: =IF(AB14=1,X14,"") -> 0.051495646 | AF14: =IF(AB14=1,IF(X14<=2,1,0),"") -> 1
A15: S08_MDO | B15: S01 | C15: FACE_R3 | D15: 3 | E15: 156.8 | F15: 215.164 | G15: 58.364 | H15: 10.780079 | I15: 10.832059 | J15: 10.873485 | K15: 10.687887 | L15: 10.781902 | M15: 11.009801 | N15: 10.639887 | O15: 2 | P15: 10.873485 | Q15: 10.832059 | R15: 0.041425507 | S15: 0.84852465 | T15: 1 | U15: 0.030115209 | V15: 0.8290116409978617 | W15: 0 | X15: 0.051980254 | Y15: 0.051980254 | Z15: 0.85221339 | AA15: 0.02968026 | AB15: =IF(C15="SQUAT",0,1) -> 1 | AC15: =IF(AND(AB15=1,W15=0),1,0) -> 1 | AD15: =IF(AC15=1,X15,"") -> 0.051980254 | AE15: =IF(AB15=1,X15,"") -> 0.051980254 | AF15: =IF(AB15=1,IF(X15<=2,1,0),"") -> 1
A16: S08_MDO | B16: S02 | C16: NORMAL | E16: 278.17 | F16: 328.17 | G16: 50 | H16: 18.438432 | I16: 18.42081 | J16: 18.457638 | K16: 18.599925 | L16: 18.45335 | M16: 18.456983 | N16: 18.692619 | O16: 2 | P16: 18.457638 | Q16: 18.457638 | R16: 0.036827842 | S16: 1 | T16: 1 | U16: 0.031353275 | V16: 0.8859697427682197 | W16: 0 | X16: 0.019205812 | Y16: 0.017622029 | Z16: 0.84256952 | AA16: 0.031204142 | AB16: =IF(C16="SQUAT",0,1) -> 1 | AC16: =IF(AND(AB16=1,W16=0),1,0) -> 1 | AD16: =IF(AC16=1,X16,"") -> 0.019205812 | AE16: =IF(AB16=1,X16,"") -> 0.019205812 | AF16: =IF(AB16=1,IF(X16<=2,1,0),"") -> 1
A17: S08_MDO | B17: S02 | C17: SLOW | E17: 338.17 | F17: 388.17 | G17: 50 | H17: 5.9659786 | I17: 5.9574 | J17: 6.0612758 | K17: 5.9657787 | L17: 5.9328798 | M17: 6.0853335 | N17: 5.899393 | O17: 3 | P17: 5.9657787 | Q17: 5.9657787 | R17: 0.0083787692 | S17: 0.82518086 | T17: 1 | U17: 0.02856217 | V17: 0.8284844103642932 | W17: 0 | X17: 0.00019985825 | Y17: 0.00019985825 | Z17: 0.91232321 | AA17: 0.027327519 | AB17: =IF(C17="SQUAT",0,1) -> 1 | AC17: =IF(AND(AB17=1,W17=0),1,0) -> 1 | AD17: =IF(AC17=1,X17,"") -> 0.00019985825 | AE17: =IF(AB17=1,X17,"") -> 0.00019985825 | AF17: =IF(AB17=1,IF(X17<=2,1,0),"") -> 1
A18: S08_MDO | B18: S02 | C18: POST_HOLD | E18: 423.17 | F18: 478.17 | G18: 55 | H18: 11.318685 | I18: 11.304348 | J18: 11.326606 | K18: 11.312426 | L18: 11.403421 | M18: 11.359358 | N18: 11.324506 | O18: 1 | P18: 11.304348 | Q18: 11.312426 | R18: 0.008077932 | S18: 1 | T18: 1 | U18: 0.032060716 | V18: 0.8609750375135842 | W18: 0 | X18: 0.0062590802 | Y18: 0.0062590802 | Z18: 0.7333368 | AA18: 0.028209574 | AB18: =IF(C18="SQUAT",0,1) -> 1 | AC18: =IF(AND(AB18=1,W18=0),1,0) -> 1 | AD18: =IF(AC18=1,X18,"") -> 0.0062590802 | AE18: =IF(AB18=1,X18,"") -> 0.0062590802 | AF18: =IF(AB18=1,IF(X18<=2,1,0),"") -> 1
A19: S08_MDO | B19: S02 | C19: SQUAT | E19: 503.17 | F19: 553.17 | G19: 50 | H19: 11.753088 | I19: 31.407981 | J19: 11.810531 | K19: 12.14996 | L19: 31.418403 | M19: 11.811306 | N19: 11.489405 | O19: 2 | P19: 11.810531 | Q19: 11.810531 | R19: 0.33942946 | S19: 1 | T19: 0 | U19: 0.1193426 | V19: 0.6778446463538326 | W19: 1 | X19: 0.057442896 | Y19: 0.057442896 | Z19: 0.41489844 | AA19: 0.093388535 | AB19: =IF(C19="SQUAT",0,1) -> 0 | AC19: =IF(AND(AB19=1,W19=0),1,0) -> 0 | AD19: =IF(AC19=1,X19,"") | AE19: =IF(AB19=1,X19,"") | AF19: =IF(AB19=1,IF(X19<=2,1,0),"")
A20: S08_MDO | B20: S02 | C20: POST_EXERCISE | E20: 578.17 | F20: 628.17 | G20: 50 | H20: 28.26924 | I20: 28.33347 | J20: 28.265086 | K20: 28.249226 | L20: 28.373307 | M20: 28.236975 | N20: 28.213533 | O20: 2 | P20: 28.265086 | Q20: 28.265086 | R20: 0.015859292 | S20: 1 | T20: 1 | U20: 0.033658497 | V20: 0.8986812715493532 | W20: 0 | X20: 0.0041546932 | Y20: 0.0041546932 | Z20: 0.75594567 | AA20: 0.029752512 | AB20: =IF(C20="SQUAT",0,1) -> 1 | AC20: =IF(AND(AB20=1,W20=0),1,0) -> 1 | AD20: =IF(AC20=1,X20,"") -> 0.0041546932 | AE20: =IF(AB20=1,X20,"") -> 0.0041546932 | AF20: =IF(AB20=1,IF(X20<=2,1,0),"") -> 1
A21: S09_HDH | B21: S01 | C21: FACE_R1 | D21: 1 | E21: 28.37 | F21: 80.9 | G21: 52.53 | H21: 14.614892 | I21: 14.676989 | J21: 14.617073 | K21: 14.738566 | L21: 14.618189 | M21: 14.622822 | N21: 14.722666 | O21: 1 | P21: 14.676989 | Q21: 14.676989 | R21: 0.059916147 | S21: 1 | T21: 1 | U21: 0.034236769 | V21: 0.8736485646036783 | W21: 0 | X21: 0.062097125 | Y21: 0.002180978 | Z21: 0.74994022 | AA21: 0.030639479 | AB21: =IF(C21="SQUAT",0,1) -> 1 | AC21: =IF(AND(AB21=1,W21=0),1,0) -> 1 | AD21: =IF(AC21=1,X21,"") -> 0.062097125 | AE21: =IF(AB21=1,X21,"") -> 0.062097125 | AF21: =IF(AB21=1,IF(X21<=2,1,0),"") -> 1
A22: S09_HDH | B22: S01 | C22: FACE_R2 | D22: 2 | E22: 90.9 | F22: 141.9 | G22: 51 | H22: 16.802957 | I22: 16.761512 | J22: 16.592185 | K22: 16.532136 | L22: 16.929712 | M22: 17.165256 | N22: 16.601414 | O22: 3 | P22: 16.532136 | Q22: 16.592185 | R22: 0.060049275 | S22: 1 | T22: 1 | U22: 0.028333324 | V22: 0.8699417531824182 | W22: 0 | X22: 0.21077178 | Y22: 0.04144528 | Z22: 0.74034318 | AA22: 0.027165917 | AB22: =IF(C22="SQUAT",0,1) -> 1 | AC22: =IF(AND(AB22=1,W22=0),1,0) -> 1 | AD22: =IF(AC22=1,X22,"") -> 0.21077178 | AE22: =IF(AB22=1,X22,"") -> 0.21077178 | AF22: =IF(AB22=1,IF(X22<=2,1,0),"") -> 1
A23: S09_HDH | B23: S01 | C23: FACE_R3 | D23: 3 | E23: 151.9 | F23: 204.824 | G23: 52.924 | H23: 18.045673 | I23: 18.232617 | J23: 18.10393 | K23: 17.971573 | L23: 18.179115 | M23: 18.024877 | N23: 17.895894 | O23: 3 | P23: 17.971573 | Q23: 18.10393 | R23: 0.12868634 | S23: 1 | T23: 1 | U23: 0.028696223 | V23: 0.8366674709634211 | W23: 0 | X23: 0.058257919 | Y23: 0.058257919 | Z23: 0.5392338 | AA23: 0.025937238 | AB23: =IF(C23="SQUAT",0,1) -> 1 | AC23: =IF(AND(AB23=1,W23=0),1,0) -> 1 | AD23: =IF(AC23=1,X23,"") -> 0.058257919 | AE23: =IF(AB23=1,X23,"") -> 0.058257919 | AF23: =IF(AB23=1,IF(X23<=2,1,0),"") -> 1
A24: S09_HDH | B24: S02 | C24: NORMAL | E24: 284.862 | F24: 334.862 | G24: 50 | H24: 16.255141 | I24: 16.008601 | J24: 16.067043 | K24: 16.168286 | L24: 16.095195 | M24: 16.128092 | N24: 16.190136 | O24: 1 | P24: 16.008601 | Q24: 16.067043 | R24: 0.058442006 | S24: 1 | T24: 1 | U24: 0.025881528 | V24: 0.8663547775883701 | W24: 0 | X24: 0.18809844 | Y24: 0.086855174 | Z24: 0.86689566 | AA24: 0.025359376 | AB24: =IF(C24="SQUAT",0,1) -> 1 | AC24: =IF(AND(AB24=1,W24=0),1,0) -> 1 | AD24: =IF(AC24=1,X24,"") -> 0.18809844 | AE24: =IF(AB24=1,X24,"") -> 0.18809844 | AF24: =IF(AB24=1,IF(X24<=2,1,0),"") -> 1
A25: S09_HDH | B25: S02 | C25: SLOW | E25: 344.862 | F25: 394.862 | G25: 50 | H25: 6.1271074 | I25: 6.0075426 | J25: 5.7810161 | K25: 6.0123817 | L25: 5.9873168 | M25: 5.823199 | N25: 6.0534371 | O25: 3 | P25: 6.0123817 | Q25: 6.0075426 | R25: 0.0048390855 | S25: 0.85110324 | T25: 1 | U25: 0.027751209 | V25: 0.8289216748242861 | W25: 0 | X25: 0.11956479 | Y25: 0.1147257 | Z25: 0.87195056 | AA25: 0.026802069 | AB25: =IF(C25="SQUAT",0,1) -> 1 | AC25: =IF(AND(AB25=1,W25=0),1,0) -> 1 | AD25: =IF(AC25=1,X25,"") -> 0.11956479 | AE25: =IF(AB25=1,X25,"") -> 0.11956479 | AF25: =IF(AB25=1,IF(X25<=2,1,0),"") -> 1
A26: S09_HDH | B26: S02 | C26: POST_HOLD | E26: 434.862 | F26: 484.862 | G26: 50 | H26: 11.707696 | I26: 11.665543 | J26: 11.701943 | K26: 11.662016 | L26: 11.669049 | M26: 11.813247 | N26: 11.739367 | O26: 1 | P26: 11.665543 | Q26: 11.665543 | R26: 0.0035276933 | S26: 1 | T26: 1 | U26: 0.028283974 | V26: 0.8569580202148969 | W26: 0 | X26: 0.04215231 | Y26: 0.0057527246 | Z26: 0.72743815 | AA26: 0.02756343 | AB26: =IF(C26="SQUAT",0,1) -> 1 | AC26: =IF(AND(AB26=1,W26=0),1,0) -> 1 | AD26: =IF(AC26=1,X26,"") -> 0.04215231 | AE26: =IF(AB26=1,X26,"") -> 0.04215231 | AF26: =IF(AB26=1,IF(X26<=2,1,0),"") -> 1
A27: S09_HDH | B27: S02 | C27: SQUAT | E27: 509.862 | F27: 559.862 | G27: 50 | H27: 16.489153 | I27: 16.648299 | J27: 16.914418 | K27: 16.784687 | L27: 16.602772 | M27: 16.875985 | N27: 16.736256 | O27: 3 | P27: 16.784687 | Q27: 16.784687 | R27: 0.12973075 | S27: 1 | T27: 0 | U27: 0.096250562 | V27: 0.7563754464485732 | W27: 1 | X27: 0.29553434 | Y27: 0.15914598 | Z27: 0.5270385 | AA27: 0.087836619 | AB27: =IF(C27="SQUAT",0,1) -> 0 | AC27: =IF(AND(AB27=1,W27=0),1,0) -> 0 | AD27: =IF(AC27=1,X27,"") | AE27: =IF(AB27=1,X27,"") | AF27: =IF(AB27=1,IF(X27<=2,1,0),"")
A28: S09_HDH | B28: S02 | C28: POST_EXERCISE | E28: 584.862 | F28: 634.862 | G28: 50 | H28: 13.804994 | I28: 15.999591 | J28: 11.483685 | K28: 10.717028 | L28: 16.000948 | M28: 11.598242 | N28: 10.502264 | O28: 2 | P28: 11.483685 | Q28: 11.483685 | R28: 0.766657 | S28: 1 | T28: 1 | U28: 0.034340076 | V28: 0.7365092092312489 | W28: 0 | X28: 2.3213089 | Y28: 2.1945969 | Z28: 0.22611498 | AA28: 0.032433696 | AB28: =IF(C28="SQUAT",0,1) -> 1 | AC28: =IF(AND(AB28=1,W28=0),1,0) -> 1 | AD28: =IF(AC28=1,X28,"") -> 2.3213089 | AE28: =IF(AB28=1,X28,"") -> 2.3213089 | AF28: =IF(AB28=1,IF(X28<=2,1,0),"") -> 0
A29: S17_RJS | B29: S01 | C29: FACE_R1 | D29: 1 | E29: 27.841 | F29: 81 | G29: 53.159 | H29: 14.667131 | I29: 14.779436 | J29: 14.821746 | K29: 15.008803 | L29: 14.860628 | M29: 14.839186 | N29: 14.739427 | O29: 2 | P29: 14.821746 | Q29: 14.821746 | R29: 0.042309144 | S29: 1 | T29: 1 | U29: 0.034420623 | V29: 0.8720471762001786 | W29: 0 | X29: 0.15461499 | Y29: 0.11230584 | Z29: 0.92465429 | AA29: 0.027342398 | AB29: =IF(C29="SQUAT",0,1) -> 1 | AC29: =IF(AND(AB29=1,W29=0),1,0) -> 1 | AD29: =IF(AC29=1,X29,"") -> 0.15461499 | AE29: =IF(AB29=1,X29,"") -> 0.15461499 | AF29: =IF(AB29=1,IF(X29<=2,1,0),"") -> 1
A30: S17_RJS | B30: S01 | C30: FACE_R2 | D30: 2 | E30: 91 | F30: 143.2 | G30: 52.2 | H30: 13.307254 | I30: 13.48723 | J30: 13.428375 | K30: 13.718298 | L30: 13.488895 | M30: 13.511127 | N30: 13.822297 | O30: 1 | P30: 13.48723 | Q30: 13.48723 | R30: 0.058854814 | S30: 1 | T30: 1 | U30: 0.030158551 | V30: 0.8714131183296735 | W30: 0 | X30: 0.17997597 | Y30: 0.12112116 | Z30: 0.86314786 | AA30: 0.029757094 | AB30: =IF(C30="SQUAT",0,1) -> 1 | AC30: =IF(AND(AB30=1,W30=0),1,0) -> 1 | AD30: =IF(AC30=1,X30,"") -> 0.17997597 | AE30: =IF(AB30=1,X30,"") -> 0.17997597 | AF30: =IF(AB30=1,IF(X30<=2,1,0),"") -> 1
A31: S17_RJS | B31: S01 | C31: FACE_R3 | D31: 3 | E31: 153.2 | F31: 204.809 | G31: 51.609 | H31: 15.625819 | I31: 15.386099 | J31: 15.5827 | K31: 15.59985 | L31: 15.435189 | M31: 15.606461 | N31: 15.634153 | O31: 3 | P31: 15.59985 | Q31: 15.5827 | R31: 0.017149589 | S31: 1 | T31: 1 | U31: 0.02926516 | V31: 0.8808080309239562 | W31: 0 | X31: 0.043118835 | Y31: 0.025969246 | Z31: 0.87203018 | AA31: 0.027525935 | AB31: =IF(C31="SQUAT",0,1) -> 1 | AC31: =IF(AND(AB31=1,W31=0),1,0) -> 1 | AD31: =IF(AC31=1,X31,"") -> 0.043118835 | AE31: =IF(AB31=1,X31,"") -> 0.043118835 | AF31: =IF(AB31=1,IF(X31<=2,1,0),"") -> 1
A32: S17_RJS | B32: S02 | C32: NORMAL | E32: 243.63 | F32: 293.63 | G32: 50 | H32: 16.900554 | I32: 16.930658 | J32: 17.38224 | K32: 16.492693 | L32: 16.809567 | M32: 17.552171 | N32: 16.46089 | O32: 1 | P32: 16.930658 | Q32: 16.930658 | R32: 0.43796485 | S32: 1 | T32: 1 | U32: 0.029149334 | V32: 0.7955903211043734 | W32: 0 | X32: 0.030104044 | Y32: 0.030104044 | Z32: 0.78203177 | AA32: 0.027289062 | AB32: =IF(C32="SQUAT",0,1) -> 1 | AC32: =IF(AND(AB32=1,W32=0),1,0) -> 1 | AD32: =IF(AC32=1,X32,"") -> 0.030104044 | AE32: =IF(AB32=1,X32,"") -> 0.030104044 | AF32: =IF(AB32=1,IF(X32<=2,1,0),"") -> 1
A33: S17_RJS | B33: S02 | C33: SLOW | E33: 303.63 | F33: 353.63 | G33: 50 | H33: 5.9883127 | I33: 5.9801519 | J33: 5.9794284 | K33: 5.998041 | L33: 6.1066281 | M33: 5.9552411 | N33: 5.982154 | O33: 1 | P33: 5.9801519 | Q33: 5.9801519 | R33: 0.00072347413 | S33: 0.84864478 | T33: 1 | U33: 0.029808219 | V33: 0.8304389347044 | W33: 0 | X33: 0.0081607888 | Y33: 0.0081607888 | Z33: 0.87266906 | AA33: 0.028198923 | AB33: =IF(C33="SQUAT",0,1) -> 1 | AC33: =IF(AND(AB33=1,W33=0),1,0) -> 1 | AD33: =IF(AC33=1,X33,"") -> 0.0081607888 | AE33: =IF(AB33=1,X33,"") -> 0.0081607888 | AF33: =IF(AB33=1,IF(X33<=2,1,0),"") -> 1
A34: S17_RJS | B34: S02 | C34: POST_HOLD | E34: 393.25 | F34: 443.63 | G34: 50.38 | H34: 15.953072 | I34: 12.322079 | J34: 12.2716 | K34: 12.146666 | L34: 12.390901 | M34: 12.278132 | N34: 11.995747 | O34: 3 | P34: 12.146666 | Q34: 12.2716 | R34: 0.050479236 | S34: 1 | T34: 1 | U34: 0.02916279 | V34: 0.8606799817446732 | W34: 0 | X34: 3.681472 | Y34: 3.6309928 | Z34: 0.58739128 | AA34: 0.026706275 | AB34: =IF(C34="SQUAT",0,1) -> 1 | AC34: =IF(AND(AB34=1,W34=0),1,0) -> 1 | AD34: =IF(AC34=1,X34,"") -> 3.681472 | AE34: =IF(AB34=1,X34,"") -> 3.681472 | AF34: =IF(AB34=1,IF(X34<=2,1,0),"") -> 0
A35: S17_RJS | B35: S02 | C35: SQUAT | E35: 468.63 | F35: 518.63 | G35: 50 | H35: 32.958984 | I35: 10.795096 | J35: 30.438557 | K35: 30.723867 | L35: 10.797465 | M35: 30.366312 | N35: 30.701257 | O35: 3 | P35: 30.723867 | Q35: 30.723867 | R35: 0.28530917 | S35: 1 | T35: 0 | U35: 0.18224038 | V35: 0.6965558945421905 | W35: 1 | X35: 2.2351178 | Y35: 2.2351178 | Z35: 0.51471569 | AA35: 0.11812471 | AB35: =IF(C35="SQUAT",0,1) -> 0 | AC35: =IF(AND(AB35=1,W35=0),1,0) -> 0 | AD35: =IF(AC35=1,X35,"") | AE35: =IF(AB35=1,X35,"") | AF35: =IF(AB35=1,IF(X35<=2,1,0),"")
A36: S17_RJS | B36: S02 | C36: POST_EXERCISE | E36: 543.63 | F36: 593.63 | G36: 50 | H36: 25.945371 | I36: 26.043384 | J36: 25.974929 | K36: 25.92222 | L36: 25.959189 | M36: 25.99764 | N36: 25.9975 | O36: 3 | P36: 25.92222 | Q36: 25.974929 | R36: 0.052709389 | S36: 1 | T36: 1 | U36: 0.031447523 | V36: 0.8627498947873974 | W36: 0 | X36: 0.029558169 | Y36: 0.02315122 | Z36: 0.52570069 | AA36: 0.029704367 | AB36: =IF(C36="SQUAT",0,1) -> 1 | AC36: =IF(AND(AB36=1,W36=0),1,0) -> 1 | AD36: =IF(AC36=1,X36,"") -> 0.029558169 | AE36: =IF(AB36=1,X36,"") -> 0.029558169 | AF36: =IF(AB36=1,IF(X36<=2,1,0),"") -> 1
A37: S18_LJH | B37: S01 | C37: FACE_R1 | D37: 1 | E37: 28.488 | F37: 78 | G37: 49.512 | H37: 16.37376 | I37: 16.345898 | J37: 16.38974 | K37: 16.091248 | L37: 16.34919 | M37: 16.311604 | N37: 15.885103 | O37: 1 | P37: 16.345898 | Q37: 16.345898 | R37: 0.043842091 | S37: 1 | T37: 1 | U37: 0.031334669 | V37: 0.8749900585550267 | W37: 0 | X37: 0.027861998 | Y37: 0.015980093 | Z37: 0.94303367 | AA37: 0.025430699 | AB37: =IF(C37="SQUAT",0,1) -> 1 | AC37: =IF(AND(AB37=1,W37=0),1,0) -> 1 | AD37: =IF(AC37=1,X37,"") -> 0.027861998 | AE37: =IF(AB37=1,X37,"") -> 0.027861998 | AF37: =IF(AB37=1,IF(X37<=2,1,0),"") -> 1
A38: S18_LJH | B38: S01 | C38: FACE_R2 | D38: 2 | E38: 88 | F38: 139.9 | G38: 51.9 | H38: 17.116629 | I38: 17.098857 | J38: 17.12367 | K38: 17.095791 | L38: 17.105681 | M38: 17.12492 | N38: 17.074164 | O38: 2 | P38: 17.12367 | Q38: 17.098857 | R38: 0.003066202 | S38: 1 | T38: 1 | U38: 0.031850625 | V38: 0.8699928192842975 | W38: 0 | X38: 0.01777188 | Y38: 0.0070416767 | Z38: 0.9253185 | AA38: 0.030447777 | AB38: =IF(C38="SQUAT",0,1) -> 1 | AC38: =IF(AND(AB38=1,W38=0),1,0) -> 1 | AD38: =IF(AC38=1,X38,"") -> 0.01777188 | AE38: =IF(AB38=1,X38,"") -> 0.01777188 | AF38: =IF(AB38=1,IF(X38<=2,1,0),"") -> 1
A39: S18_LJH | B39: S01 | C39: FACE_R3 | D39: 3 | E39: 149.9 | F39: 206.68 | G39: 56.78 | H39: 14.818155 | I39: 14.768888 | J39: 14.754534 | K39: 14.724435 | L39: 14.754849 | M39: 14.758106 | N39: 14.702654 | O39: 3 | P39: 14.724435 | Q39: 14.754534 | R39: 0.014354565 | S39: 1 | T39: 1 | U39: 0.030015601 | V39: 0.8770091258078391 | W39: 0 | X39: 0.063621211 | Y39: 0.049266647 | Z39: 0.92539263 | AA39: 0.025810634 | AB39: =IF(C39="SQUAT",0,1) -> 1 | AC39: =IF(AND(AB39=1,W39=0),1,0) -> 1 | AD39: =IF(AC39=1,X39,"") -> 0.063621211 | AE39: =IF(AB39=1,X39,"") -> 0.063621211 | AF39: =IF(AB39=1,IF(X39<=2,1,0),"") -> 1
A40: S18_LJH | B40: S02 | C40: NORMAL | E40: 242.434 | F40: 292.434 | G40: 50 | H40: 17.881074 | I40: 18.007339 | J40: 17.797982 | K40: 17.626723 | L40: 17.961397 | M40: 17.843364 | N40: 17.598953 | O40: 2 | P40: 17.797982 | Q40: 17.797982 | R40: 0.17125883 | S40: 1 | T40: 1 | U40: 0.032464581 | V40: 0.8282147605008036 | W40: 0 | X40: 0.083092699 | Y40: 0.083092699 | Z40: 0.7644542 | AA40: 0.030864732 | AB40: =IF(C40="SQUAT",0,1) -> 1 | AC40: =IF(AND(AB40=1,W40=0),1,0) -> 1 | AD40: =IF(AC40=1,X40,"") -> 0.083092699 | AE40: =IF(AB40=1,X40,"") -> 0.083092699 | AF40: =IF(AB40=1,IF(X40<=2,1,0),"") -> 1
A41: S18_LJH | B41: S02 | C41: SLOW | E41: 302.434 | F41: 352.434 | G41: 50 | H41: 6.0252876 | I41: 6.0237644 | J41: 6.0422234 | K41: 6.0739545 | L41: 6.1279246 | M41: 6.0069938 | N41: 6.1186317 | O41: 2 | P41: 6.0422234 | Q41: 6.0422234 | R41: 0.01845902 | S41: 0.91363415 | T41: 1 | U41: 0.032073048 | V41: 0.8534994357328064 | W41: 0 | X41: 0.016935752 | Y41: 0.0015232674 | Z41: 0.96517957 | AA41: 0.029945292 | AB41: =IF(C41="SQUAT",0,1) -> 1 | AC41: =IF(AND(AB41=1,W41=0),1,0) -> 1 | AD41: =IF(AC41=1,X41,"") -> 0.016935752 | AE41: =IF(AB41=1,X41,"") -> 0.016935752 | AF41: =IF(AB41=1,IF(X41<=2,1,0),"") -> 1
A42: S18_LJH | B42: S02 | C42: POST_HOLD | E42: 392.434 | F42: 442.434 | G42: 50 | H42: 14.469767 | I42: 14.502797 | J42: 14.696201 | K42: 14.351375 | L42: 14.518541 | M42: 14.77183 | N42: 14.40101 | O42: 3 | P42: 14.351375 | Q42: 14.502797 | R42: 0.15142261 | S42: 1 | T42: 1 | U42: 0.03069685 | V42: 0.8445589480238122 | W42: 0 | X42: 0.033030298 | Y42: 0.033030298 | Z42: 0.83614505 | AA42: 0.030602031 | AB42: =IF(C42="SQUAT",0,1) -> 1 | AC42: =IF(AND(AB42=1,W42=0),1,0) -> 1 | AD42: =IF(AC42=1,X42,"") -> 0.033030298 | AE42: =IF(AB42=1,X42,"") -> 0.033030298 | AF42: =IF(AB42=1,IF(X42<=2,1,0),"") -> 1
A43: S18_LJH | B43: S02 | C43: SQUAT | E43: 467.434 | F43: 517.434 | G43: 50 | H43: 12.571253 | I43: 11.334811 | J43: 9.0820312 | K43: 32.8125 | L43: 11.516549 | M43: 9.0820312 | N43: 32.8125 | O43: 3 | P43: 32.8125 | Q43: 11.334811 | R43: 2.2527796 | S43: 1 | T43: 1 | U43: 0.035468888 | V43: 0.662595545128734 | W43: 0 | X43: 1.2364417 | Y43: 1.2364417 | Z43: 0.25214232 | AA43: 0.027738905 | AB43: =IF(C43="SQUAT",0,1) -> 0 | AC43: =IF(AND(AB43=1,W43=0),1,0) -> 0 | AD43: =IF(AC43=1,X43,"") | AE43: =IF(AB43=1,X43,"") | AF43: =IF(AB43=1,IF(X43<=2,1,0),"")
A44: S18_LJH | B44: S02 | C44: POST_EXERCISE | E44: 542.434 | F44: 592.434 | G44: 50 | H44: 16.282322 | I44: 16.264287 | J44: 16.249439 | K44: 16.340314 | L44: 16.193458 | M44: 16.281505 | N44: 16.265446 | O44: 2 | P44: 16.249439 | Q44: 16.264287 | R44: 0.01484841 | S44: 1 | T44: 1 | U44: 0.031572197 | V44: 0.8602228675624154 | W44: 0 | X44: 0.018034534 | Y44: 0.018034534 | Z44: 0.95345356 | AA44: 0.029495147 | AB44: =IF(C44="SQUAT",0,1) -> 1 | AC44: =IF(AND(AB44=1,W44=0),1,0) -> 1 | AD44: =IF(AC44=1,X44,"") -> 0.018034534 | AE44: =IF(AB44=1,X44,"") -> 0.018034534 | AF44: =IF(AB44=1,IF(X44<=2,1,0),"") -> 1
A45: S19_CHW | B45: S01 | C45: FACE_R1 | D45: 1 | E45: 32.864 | F45: 79 | G45: 46.136 | H45: 10.667518 | I45: 10.636013 | J45: 10.713137 | K45: 10.705528 | L45: 10.639511 | M45: 10.711159 | N45: 10.666148 | O45: 1 | P45: 10.636013 | Q45: 10.705528 | R45: 0.0076087654 | S45: 0.7934039 | T45: 1 | U45: 0.036098314 | V45: 0.8213213547828938 | W45: 0 | X45: 0.038010612 | Y45: 0.031505001 | Z45: 0.89724965 | AA45: 0.035271923 | AB45: =IF(C45="SQUAT",0,1) -> 1 | AC45: =IF(AND(AB45=1,W45=0),1,0) -> 1 | AD45: =IF(AC45=1,X45,"") -> 0.038010612 | AE45: =IF(AB45=1,X45,"") -> 0.038010612 | AF45: =IF(AB45=1,IF(X45<=2,1,0),"") -> 1
A46: S19_CHW | B46: S01 | C46: FACE_R2 | D46: 2 | E46: 89 | F46: 140.8 | G46: 51.8 | H46: 11.278549 | I46: 11.318196 | J46: 11.161714 | K46: 11.326862 | L46: 11.366374 | M46: 11.199777 | N46: 11.456194 | O46: 1 | P46: 11.318196 | Q46: 11.318196 | R46: 0.0086665464 | S46: 1 | T46: 1 | U46: 0.035205936 | V46: 0.8695092490746722 | W46: 0 | X46: 0.039646894 | Y46: 0.039646894 | Z46: 0.83219615 | AA46: 0.030926217 | AB46: =IF(C46="SQUAT",0,1) -> 1 | AC46: =IF(AND(AB46=1,W46=0),1,0) -> 1 | AD46: =IF(AC46=1,X46,"") -> 0.039646894 | AE46: =IF(AB46=1,X46,"") -> 0.039646894 | AF46: =IF(AB46=1,IF(X46<=2,1,0),"") -> 1
A47: S19_CHW | B47: S01 | C47: FACE_R3 | D47: 3 | E47: 150.8 | F47: 210.9 | G47: 60.1 | H47: 9.7540232 | I47: 9.7522513 | J47: 9.6223886 | K47: 9.5255162 | L47: 9.6845792 | M47: 9.8360665 | N47: 9.529922 | O47: 3 | P47: 9.5255162 | Q47: 9.6223886 | R47: 0.096872427 | S47: 0.32599012 | T47: 1 | U47: 0.035711957 | V47: 0.727715101008677 | W47: 0 | X47: 0.13163455 | Y47: 0.0017718539 | Z47: 0.54434361 | AA47: 0.032189902 | AB47: =IF(C47="SQUAT",0,1) -> 1 | AC47: =IF(AND(AB47=1,W47=0),1,0) -> 1 | AD47: =IF(AC47=1,X47,"") -> 0.13163455 | AE47: =IF(AB47=1,X47,"") -> 0.13163455 | AF47: =IF(AB47=1,IF(X47<=2,1,0),"") -> 1
A48: S19_CHW | B48: S02 | C48: NORMAL | E48: 292.062 | F48: 342.062 | G48: 50 | H48: 13.088038 | I48: 13.11329 | J48: 13.193037 | K48: 13.101785 | L48: 13.140851 | M48: 13.204578 | N48: 13.069683 | O48: 2 | P48: 13.193037 | Q48: 13.11329 | R48: 0.011504926 | S48: 1 | T48: 1 | U48: 0.034820019 | V48: 0.8651590951285989 | W48: 0 | X48: 0.025252189 | Y48: 0.013747263 | Z48: 0.43275197 | AA48: 0.034134626 | AB48: =IF(C48="SQUAT",0,1) -> 1 | AC48: =IF(AND(AB48=1,W48=0),1,0) -> 1 | AD48: =IF(AC48=1,X48,"") -> 0.025252189 | AE48: =IF(AB48=1,X48,"") -> 0.025252189 | AF48: =IF(AB48=1,IF(X48<=2,1,0),"") -> 1
A49: S19_CHW | B49: S02 | C49: SLOW | E49: 352.062 | F49: 402.062 | G49: 50 | H49: 6.0628069 | I49: 6.0668909 | J49: 5.9026442 | K49: 6.0831587 | L49: 6.120417 | M49: 5.804453 | N49: 5.9938682 | O49: 3 | P49: 6.0831587 | Q49: 6.0668909 | R49: 0.016267808 | S49: 0.85422295 | T49: 1 | U49: 0.033098149 | V49: 0.826380650699191 | W49: 0 | X49: 0.004084034 | Y49: 0.004084034 | Z49: 0.71282346 | AA49: 0.032958039 | AB49: =IF(C49="SQUAT",0,1) -> 1 | AC49: =IF(AND(AB49=1,W49=0),1,0) -> 1 | AD49: =IF(AC49=1,X49,"") -> 0.004084034 | AE49: =IF(AB49=1,X49,"") -> 0.004084034 | AF49: =IF(AB49=1,IF(X49<=2,1,0),"") -> 1
A50: S19_CHW | B50: S02 | C50: POST_HOLD | E50: 441.2 | F50: 492.062 | G50: 50.862 | H50: 24.475079 | I50: 24.609697 | J50: 24.505527 | K50: 24.414517 | L50: 24.640357 | M50: 24.554965 | N50: 24.453185 | O50: 1 | P50: 24.609697 | Q50: 24.505527 | R50: 0.091009735 | S50: 1 | T50: 1 | U50: 0.032982331 | V50: 0.8540284137349606 | W50: 0 | X50: 0.030447041 | Y50: 0.030447041 | Z50: 0.84081692 | AA50: 0.031809765 | AB50: =IF(C50="SQUAT",0,1) -> 1 | AC50: =IF(AND(AB50=1,W50=0),1,0) -> 1 | AD50: =IF(AC50=1,X50,"") -> 0.030447041 | AE50: =IF(AB50=1,X50,"") -> 0.030447041 | AF50: =IF(AB50=1,IF(X50<=2,1,0),"") -> 1
A51: S19_CHW | B51: S02 | C51: SQUAT | E51: 517.062 | F51: 567.062 | G51: 50 | H51: 30.109573 | I51: 32.8125 | J51: 9.0820312 | K51: 9.0820312 | L51: 32.8125 | M51: 9.0820312 | N51: 9.0820312 | O51: 1 | P51: 32.8125 | Q51: 9.0820312 | R51: 0 | S51: 0.0390625 | T51: 0 | U51: 0.1029435 | V51: 0.5696087193980233 | W51: 1 | X51: 21.027542 | Y51: 2.7029267 | Z51: 0.49725247 | AA51: 0.089074356 | AB51: =IF(C51="SQUAT",0,1) -> 0 | AC51: =IF(AND(AB51=1,W51=0),1,0) -> 0 | AD51: =IF(AC51=1,X51,"") | AE51: =IF(AB51=1,X51,"") | AF51: =IF(AB51=1,IF(X51<=2,1,0),"")
A52: S19_CHW | B52: S02 | C52: POST_EXERCISE | E52: 592.062 | F52: 642.062 | G52: 50 | H52: 30.554584 | I52: 30.557467 | J52: 30.575331 | K52: 30.519078 | L52: 30.560336 | M52: 30.636756 | N52: 30.532752 | O52: 3 | P52: 30.519078 | Q52: 30.557467 | R52: 0.017864023 | S52: 1 | T52: 1 | U52: 0.033485758 | V52: 0.8546920933572278 | W52: 0 | X52: 0.0028823474 | Y52: 0.0028823474 | Z52: 0.69206502 | AA52: 0.032693886 | AB52: =IF(C52="SQUAT",0,1) -> 1 | AC52: =IF(AND(AB52=1,W52=0),1,0) -> 1 | AD52: =IF(AC52=1,X52,"") -> 0.0028823474 | AE52: =IF(AB52=1,X52,"") -> 0.0028823474 | AF52: =IF(AB52=1,IF(X52<=2,1,0),"") -> 1
A53: S21_PSJ | B53: S01 | C53: FACE_R1 | D53: 1 | E53: 32.006 | F53: 76.4 | G53: 44.394 | H53: 14.191438 | I53: 14.171158 | J53: 14.158262 | K53: 10.738386 | L53: 14.170599 | M53: 14.129607 | N53: 10.831964 | O53: 1 | P53: 14.171158 | Q53: 14.171158 | R53: 0.012895993 | S53: 1 | T53: 1 | U53: 0.031665699 | V53: 0.9375285981379488 | W53: 0 | X53: 0.020280779 | Y53: 0.020280779 | Z53: 0.97154176 | AA53: 0.029698246 | AB53: =IF(C53="SQUAT",0,1) -> 1 | AC53: =IF(AND(AB53=1,W53=0),1,0) -> 1 | AD53: =IF(AC53=1,X53,"") -> 0.020280779 | AE53: =IF(AB53=1,X53,"") -> 0.020280779 | AF53: =IF(AB53=1,IF(X53<=2,1,0),"") -> 1
A54: S21_PSJ | B54: S01 | C54: FACE_R2 | D54: 2 | E54: 86.4 | F54: 138.4 | G54: 52 | H54: 11.079927 | I54: 11.486134 | J54: 11.47588 | K54: 10.977338 | L54: 11.300148 | M54: 11.335646 | N54: 11.043784 | O54: 2 | P54: 11.47588 | Q54: 11.47588 | R54: 0.010253846 | S54: 1 | T54: 1 | U54: 0.033169638 | V54: 0.8681669703629916 | W54: 0 | X54: 0.39595226 | Y54: 0.10258955 | Z54: 0.73323829 | AA54: 0.027601429 | AB54: =IF(C54="SQUAT",0,1) -> 1 | AC54: =IF(AND(AB54=1,W54=0),1,0) -> 1 | AD54: =IF(AC54=1,X54,"") -> 0.39595226 | AE54: =IF(AB54=1,X54,"") -> 0.39595226 | AF54: =IF(AB54=1,IF(X54<=2,1,0),"") -> 1
A55: S21_PSJ | B55: S01 | C55: FACE_R3 | D55: 3 | E55: 148.4 | F55: 209.06 | G55: 60.66 | H55: 11.818161 | I55: 26.953125 | J55: 11.906584 | K55: 11.803734 | L55: 26.953125 | M55: 11.898051 | N55: 11.84604 | O55: 1 | P55: 26.953125 | Q55: 11.803734 | R55: 0.10284982 | S55: 1 | T55: 1 | U55: 0.031679017 | V55: 0.8501103869895773 | W55: 0 | X55: 0.014426341 | Y55: 0.014426341 | Z55: 0.19279095 | AA55: 0.028165957 | AB55: =IF(C55="SQUAT",0,1) -> 1 | AC55: =IF(AND(AB55=1,W55=0),1,0) -> 1 | AD55: =IF(AC55=1,X55,"") -> 0.014426341 | AE55: =IF(AB55=1,X55,"") -> 0.014426341 | AF55: =IF(AB55=1,IF(X55<=2,1,0),"") -> 1
A56: S21_PSJ | B56: S02 | C56: NORMAL | E56: 248.808 | F56: 298.808 | G56: 50 | H56: 10.65699 | I56: 10.771068 | J56: 11.027897 | K56: 10.655988 | L56: 10.818282 | M56: 11.049959 | N56: 10.689467 | O56: 2 | P56: 11.027897 | Q56: 10.771068 | R56: 0.11507932 | S56: 0.86584865 | T56: 1 | U56: 0.033092522 | V56: 0.8119613554450423 | W56: 0 | X56: 0.11407813 | Y56: 0.0010011926 | Z56: 0.52695264 | AA56: 0.029706966 | AB56: =IF(C56="SQUAT",0,1) -> 1 | AC56: =IF(AND(AB56=1,W56=0),1,0) -> 1 | AD56: =IF(AC56=1,X56,"") -> 0.11407813 | AE56: =IF(AB56=1,X56,"") -> 0.11407813 | AF56: =IF(AB56=1,IF(X56<=2,1,0),"") -> 1
A57: S21_PSJ | B57: S02 | C57: SLOW | E57: 308.808 | F57: 358.808 | G57: 50 | H57: 6.064573 | I57: 6.1538043 | J57: 6.0937474 | K57: 5.9696834 | L57: 6.29216 | M57: 6.049342 | N57: 6.0189397 | O57: 1 | P57: 6.1538043 | Q57: 6.0937474 | R57: 0.060056908 | S57: 0.88063906 | T57: 1 | U57: 0.03120345 | V57: 0.8224734538853697 | W57: 0 | X57: 0.029174431 | Y57: 0.029174431 | Z57: 0.8275859 | AA57: 0.029696129 | AB57: =IF(C57="SQUAT",0,1) -> 1 | AC57: =IF(AND(AB57=1,W57=0),1,0) -> 1 | AD57: =IF(AC57=1,X57,"") -> 0.029174431 | AE57: =IF(AB57=1,X57,"") -> 0.029174431 | AF57: =IF(AB57=1,IF(X57<=2,1,0),"") -> 1
A58: S21_PSJ | B58: S02 | C58: POST_HOLD | E58: 396.05 | F58: 448.808 | G58: 52.758 | H58: 12.651226 | I58: 12.616214 | J58: 12.592407 | K58: 12.567138 | L58: 12.615051 | M58: 12.550628 | N58: 12.509001 | O58: 3 | P58: 12.567138 | Q58: 12.592407 | R58: 0.023807544 | S58: 1 | T58: 1 | U58: 0.032748684 | V58: 0.8681249265858045 | W58: 0 | X58: 0.058819279 | Y58: 0.035011735 | Z58: 0.69488131 | AA58: 0.027773092 | AB58: =IF(C58="SQUAT",0,1) -> 1 | AC58: =IF(AND(AB58=1,W58=0),1,0) -> 1 | AD58: =IF(AC58=1,X58,"") -> 0.058819279 | AE58: =IF(AB58=1,X58,"") -> 0.058819279 | AF58: =IF(AB58=1,IF(X58<=2,1,0),"") -> 1
A59: S21_PSJ | B59: S02 | C59: SQUAT | E59: 473.808 | F59: 523.808 | G59: 50 | H59: 21.892487 | I59: 12.734149 | J59: 20.220229 | K59: 13.352467 | L59: 12.733534 | M59: 20.33392 | N59: 13.44935 | O59: 3 | P59: 13.352467 | Q59: 13.352467 | R59: 0.6183183 | S59: 1 | T59: 0 | U59: 0.11584096 | V59: 0.6775257829701484 | W59: 1 | X59: 8.5400202 | Y59: 1.6722586 | Z59: 0.37473969 | AA59: 0.088497038 | AB59: =IF(C59="SQUAT",0,1) -> 0 | AC59: =IF(AND(AB59=1,W59=0),1,0) -> 0 | AD59: =IF(AC59=1,X59,"") | AE59: =IF(AB59=1,X59,"") | AF59: =IF(AB59=1,IF(X59<=2,1,0),"")
A60: S21_PSJ | B60: S02 | C60: POST_EXERCISE | E60: 548.808 | F60: 598.808 | G60: 50 | H60: 27.32409 | I60: 27.75763 | J60: 27.515833 | K60: 27.671731 | L60: 27.722173 | M60: 27.556164 | N60: 27.683629 | O60: 3 | P60: 27.671731 | Q60: 27.671731 | R60: 0.085899169 | S60: 1 | T60: 1 | U60: 0.031971652 | V60: 0.8866767068315965 | W60: 0 | X60: 0.34764087 | Y60: 0.19174349 | Z60: 0.94392895 | AA60: 0.031876604 | AB60: =IF(C60="SQUAT",0,1) -> 1 | AC60: =IF(AND(AB60=1,W60=0),1,0) -> 1 | AD60: =IF(AC60=1,X60,"") -> 0.34764087 | AE60: =IF(AB60=1,X60,"") -> 0.34764087 | AF60: =IF(AB60=1,IF(X60<=2,1,0),"") -> 1
A61: S23_KDM | B61: S01 | C61: FACE_R1 | D61: 1 | E61: 29.916 | F61: 72.5 | G61: 42.584 | H61: 15.864205 | I61: 15.774281 | J61: 15.799804 | K61: 15.781649 | L61: 15.855731 | M61: 15.798 | N61: 15.79684 | O61: 1 | P61: 15.774281 | Q61: 15.781649 | R61: 0.0073681864 | S61: 1 | T61: 1 | U61: 0.029172759 | V61: 0.8636506166947618 | W61: 0 | X61: 0.082555875 | Y61: 0.064401269 | Z61: 0.87334968 | AA61: 0.02642952 | AB61: =IF(C61="SQUAT",0,1) -> 1 | AC61: =IF(AND(AB61=1,W61=0),1,0) -> 1 | AD61: =IF(AC61=1,X61,"") -> 0.082555875 | AE61: =IF(AB61=1,X61,"") -> 0.082555875 | AF61: =IF(AB61=1,IF(X61<=2,1,0),"") -> 1
A62: S23_KDM | B62: S01 | C62: FACE_R2 | D62: 2 | E62: 82.5 | F62: 134.7 | G62: 52.2 | H62: 12.367004 | I62: 11.856508 | J62: 11.873551 | K62: 11.831707 | L62: 11.920245 | M62: 11.895547 | N62: 11.819985 | O62: 3 | P62: 11.831707 | Q62: 11.856508 | R62: 0.017043425 | S62: 1 | T62: 1 | U62: 0.028441038 | V62: 0.860650830913897 | W62: 0 | X62: 0.51049598 | Y62: 0.49345255 | Z62: 0.71873067 | AA62: 0.027401738 | AB62: =IF(C62="SQUAT",0,1) -> 1 | AC62: =IF(AND(AB62=1,W62=0),1,0) -> 1 | AD62: =IF(AC62=1,X62,"") -> 0.51049598 | AE62: =IF(AB62=1,X62,"") -> 0.51049598 | AF62: =IF(AB62=1,IF(X62<=2,1,0),"") -> 1
A63: S23_KDM | B63: S01 | C63: FACE_R3 | D63: 3 | E63: 144.7 | F63: 207.8 | G63: 63.1 | H63: 10.79734 | I63: 10.899356 | J63: 11.005979 | K63: 11.152718 | L63: 10.910502 | M63: 10.935519 | N63: 11.227134 | O63: 3 | P63: 11.152718 | Q63: 11.152718 | R63: 0.10662328 | S63: 0.9216755 | T63: 1 | U63: 0.033065804 | V63: 0.8579866493187642 | W63: 0 | X63: 0.35537807 | Y63: 0.10201582 | Z63: 0.52985321 | AA63: 0.029165901 | AB63: =IF(C63="SQUAT",0,1) -> 1 | AC63: =IF(AND(AB63=1,W63=0),1,0) -> 1 | AD63: =IF(AC63=1,X63,"") -> 0.35537807 | AE63: =IF(AB63=1,X63,"") -> 0.35537807 | AF63: =IF(AB63=1,IF(X63<=2,1,0),"") -> 1
A64: S23_KDM | B64: S02 | C64: NORMAL | E64: 241.608 | F64: 291.608 | G64: 50 | H64: 13.897557 | I64: 14.087349 | J64: 13.921884 | K64: 14.283897 | L64: 14.170054 | M64: 14.176144 | N64: 14.237547 | O64: 3 | P64: 14.283897 | Q64: 14.087349 | R64: 0.16546467 | S64: 1 | T64: 1 | U64: 0.030481979 | V64: 0.843792829823668 | W64: 0 | X64: 0.18979199 | Y64: 0.02432732 | Z64: 0.48452071 | AA64: 0.027422268 | AB64: =IF(C64="SQUAT",0,1) -> 1 | AC64: =IF(AND(AB64=1,W64=0),1,0) -> 1 | AD64: =IF(AC64=1,X64,"") -> 0.18979199 | AE64: =IF(AB64=1,X64,"") -> 0.18979199 | AF64: =IF(AB64=1,IF(X64<=2,1,0),"") -> 1
A65: S23_KDM | B65: S02 | C65: SLOW | E65: 301.608 | F65: 351.608 | G65: 50 | H65: 6.0284718 | I65: 6.0945599 | J65: 5.8185493 | K65: 5.9010067 | L65: 6.1771852 | M65: 5.8629805 | N65: 6.0630836 | O65: 3 | P65: 5.9010067 | Q65: 5.9010067 | R65: 0.082457368 | S65: 0.88718266 | T65: 1 | U65: 0.030931098 | V65: 0.814649445633003 | W65: 0 | X65: 0.12746516 | Y65: 0.066088088 | Z65: 0.84055263 | AA65: 0.027024966 | AB65: =IF(C65="SQUAT",0,1) -> 1 | AC65: =IF(AND(AB65=1,W65=0),1,0) -> 1 | AD65: =IF(AC65=1,X65,"") -> 0.12746516 | AE65: =IF(AB65=1,X65,"") -> 0.12746516 | AF65: =IF(AB65=1,IF(X65<=2,1,0),"") -> 1
A66: S23_KDM | B66: S02 | C66: POST_HOLD | E66: 391.608 | F66: 441.608 | G66: 50 | H66: 14.954701 | I66: 10.728545 | J66: 11.227226 | K66: 11.671301 | L66: 10.727307 | M66: 11.001105 | N66: 11.678136 | O66: 3 | P66: 11.671301 | Q66: 11.227226 | R66: 0.44407585 | S66: 0.95290692 | T66: 1 | U66: 0.028216892 | V66: 0.7761328421837292 | W66: 0 | X66: 3.7274755 | Y66: 3.2833996 | Z66: 0.38125301 | AA66: 0.026102771 | AB66: =IF(C66="SQUAT",0,1) -> 1 | AC66: =IF(AND(AB66=1,W66=0),1,0) -> 1 | AD66: =IF(AC66=1,X66,"") -> 3.7274755 | AE66: =IF(AB66=1,X66,"") -> 3.7274755 | AF66: =IF(AB66=1,IF(X66<=2,1,0),"") -> 0
A67: S23_KDM | B67: S02 | C67: SQUAT | E67: 466.608 | F67: 516.608 | G67: 50 | H67: 23.389144 | I67: 22.940516 | J67: 23.17597 | K67: 23.227937 | L67: 22.864209 | M67: 23.147973 | N67: 23.241835 | O67: 2 | P67: 23.17597 | Q67: 23.17597 | R67: 0.051967451 | S67: 1 | T67: 0 | U67: 0.11244518 | V67: 0.7793293032437429 | W67: 1 | X67: 0.21317453 | Y67: 0.16120708 | Z67: 0.55027404 | AA67: 0.10964287 | AB67: =IF(C67="SQUAT",0,1) -> 0 | AC67: =IF(AND(AB67=1,W67=0),1,0) -> 0 | AD67: =IF(AC67=1,X67,"") | AE67: =IF(AB67=1,X67,"") | AF67: =IF(AB67=1,IF(X67<=2,1,0),"")
A68: S23_KDM | B68: S02 | C68: POST_EXERCISE | E68: 541.608 | F68: 591.608 | G68: 50 | H68: 38.452148 | I68: 37.412439 | J68: 37.129498 | K68: 10.840063 | L68: 37.458326 | M68: 37.213071 | N68: 10.838905 | O68: 2 | P68: 37.129498 | Q68: 37.129498 | R68: 0.28294086 | S68: 1 | T68: 1 | U68: 0.032253724 | V68: 0.8200233397538171 | W68: 0 | X68: 1.3226501 | Y68: 1.0397092 | Z68: 0.26040509 | AA68: 0.032156651 | AB68: =IF(C68="SQUAT",0,1) -> 1 | AC68: =IF(AND(AB68=1,W68=0),1,0) -> 1 | AD68: =IF(AC68=1,X68,"") -> 1.3226501 | AE68: =IF(AB68=1,X68,"") -> 1.3226501 | AF68: =IF(AB68=1,IF(X68<=2,1,0),"") -> 1
A69: S26_LDW | B69: S01 | C69: FACE_R1 | D69: 1 | E69: 24.716 | F69: 75.4 | G69: 50.684 | H69: 25.774624 | I69: 24.062547 | J69: 26.624966 | K69: 11.159692 | L69: 24.059089 | M69: 26.573398 | N69: 11.660497 | O69: 1 | P69: 24.062547 | Q69: 24.062547 | R69: 2.5624188 | S69: 1 | T69: 1 | U69: 0.030048665 | V69: 0.6273739154457766 | W69: 0 | X69: 1.7120772 | Y69: 0.85034163 | Z69: 0.54577369 | AA69: 0.025856247 | AB69: =IF(C69="SQUAT",0,1) -> 1 | AC69: =IF(AND(AB69=1,W69=0),1,0) -> 1 | AD69: =IF(AC69=1,X69,"") -> 1.7120772 | AE69: =IF(AB69=1,X69,"") -> 1.7120772 | AF69: =IF(AB69=1,IF(X69<=2,1,0),"") -> 1
A70: S26_LDW | B70: S01 | C70: FACE_R2 | D70: 2 | E70: 85.4 | F70: 136.3 | G70: 50.9 | H70: 21.752906 | I70: 21.605194 | J70: 9.0820312 | K70: 9.0820312 | L70: 21.467306 | M70: 9.0820312 | N70: 9.0820312 | O70: 2 | P70: 9.0820312 | Q70: 9.0820312 | R70: 0 | S70: 0.0390625 | T70: 1 | U70: 0.031167553 | V70: 0.6557570199618958 | W70: 1 | X70: 12.670875 | Y70: 0.14771223 | Z70: 0.33318579 | AA70: 0.028236732 | AB70: =IF(C70="SQUAT",0,1) -> 1 | AC70: =IF(AND(AB70=1,W70=0),1,0) -> 0 | AD70: =IF(AC70=1,X70,"") | AE70: =IF(AB70=1,X70,"") -> 12.670875 | AF70: =IF(AB70=1,IF(X70<=2,1,0),"") -> 0
A71: S26_LDW | B71: S01 | C71: FACE_R3 | D71: 3 | E71: 146.3 | F71: 201.844 | G71: 55.544 | H71: 23.739342 | I71: 23.822065 | J71: 23.996099 | K71: 23.92781 | L71: 23.896817 | M71: 23.991595 | N71: 24.015524 | O71: 2 | P71: 23.996099 | Q71: 23.996099 | R71: 0.06828953 | S71: 1 | T71: 1 | U71: 0.02858375 | V71: 0.8721101775812391 | W71: 0 | X71: 0.25675766 | Y71: 0.082723805 | Z71: 0.64788004 | AA71: 0.027421955 | AB71: =IF(C71="SQUAT",0,1) -> 1 | AC71: =IF(AND(AB71=1,W71=0),1,0) -> 1 | AD71: =IF(AC71=1,X71,"") -> 0.25675766 | AE71: =IF(AB71=1,X71,"") -> 0.25675766 | AF71: =IF(AB71=1,IF(X71<=2,1,0),"") -> 1
A72: S26_LDW | B72: S02 | C72: NORMAL | E72: 270.096 | F72: 320.096 | G72: 50 | H72: 15.78468 | I72: 15.806433 | J72: 18.621561 | K72: 15.85592 | L72: 15.83129 | M72: 18.621544 | N72: 16.158299 | O72: 3 | P72: 15.85592 | Q72: 15.85592 | R72: 0.049486677 | S72: 1 | T72: 1 | U72: 0.030091961 | V72: 0.8670947421632925 | W72: 0 | X72: 0.071239668 | Y72: 0.021752992 | Z72: 0.85508121 | AA72: 0.030032412 | AB72: =IF(C72="SQUAT",0,1) -> 1 | AC72: =IF(AND(AB72=1,W72=0),1,0) -> 1 | AD72: =IF(AC72=1,X72,"") -> 0.071239668 | AE72: =IF(AB72=1,X72,"") -> 0.071239668 | AF72: =IF(AB72=1,IF(X72<=2,1,0),"") -> 1
A73: S26_LDW | B73: S02 | C73: SLOW | E73: 330.096 | F73: 380.096 | G73: 50 | H73: 5.9832105 | I73: 6.0938038 | J73: 6.0620431 | K73: 6.0144989 | L73: 6.0793641 | M73: 6.0522432 | N73: 6.0411087 | O73: 2 | P73: 6.0620431 | Q73: 6.0620431 | R73: 0.031760725 | S73: 0.88202059 | T73: 1 | U73: 0.030412462 | V73: 0.8256370503805992 | W73: 0 | X73: 0.078832607 | Y73: 0.031288381 | Z73: 0.96264548 | AA73: 0.029141038 | AB73: =IF(C73="SQUAT",0,1) -> 1 | AC73: =IF(AND(AB73=1,W73=0),1,0) -> 1 | AD73: =IF(AC73=1,X73,"") -> 0.078832607 | AE73: =IF(AB73=1,X73,"") -> 0.078832607 | AF73: =IF(AB73=1,IF(X73<=2,1,0),"") -> 1
A74: S26_LDW | B74: S02 | C74: POST_HOLD | E74: 420.096 | F74: 470.096 | G74: 50 | H74: 18.600868 | I74: 22.457609 | J74: 21.506687 | K74: 21.884487 | L74: 22.409848 | M74: 21.505869 | N74: 21.810936 | O74: 3 | P74: 21.884487 | Q74: 21.884487 | R74: 0.37780004 | S74: 1 | T74: 1 | U74: 0.031941188 | V74: 0.8031687185572721 | W74: 0 | X74: 3.2836192 | Y74: 2.9058192 | Z74: 0.61270047 | AA74: 0.029614323 | AB74: =IF(C74="SQUAT",0,1) -> 1 | AC74: =IF(AND(AB74=1,W74=0),1,0) -> 1 | AD74: =IF(AC74=1,X74,"") -> 3.2836192 | AE74: =IF(AB74=1,X74,"") -> 3.2836192 | AF74: =IF(AB74=1,IF(X74<=2,1,0),"") -> 0
A75: S26_LDW | B75: S02 | C75: SQUAT | E75: 495.096 | F75: 545.096 | G75: 50 | H75: 16.946608 | I75: 16.874204 | J75: 16.563226 | K75: 16.829486 | L75: 16.806825 | M75: 16.44379 | N75: 16.767847 | O75: 1 | P75: 16.874204 | Q75: 16.829486 | R75: 0.044718074 | S75: 1 | T75: 0 | U75: 0.10185735 | V75: 0.7487148634562824 | W75: 1 | X75: 0.11712287 | Y75: 0.072404801 | Z75: 0.89787324 | AA75: 0.09356388 | AB75: =IF(C75="SQUAT",0,1) -> 0 | AC75: =IF(AND(AB75=1,W75=0),1,0) -> 0 | AD75: =IF(AC75=1,X75,"") | AE75: =IF(AB75=1,X75,"") | AF75: =IF(AB75=1,IF(X75<=2,1,0),"")
A76: S26_LDW | B76: S02 | C76: POST_EXERCISE | E76: 570.096 | F76: 620.096 | G76: 50 | H76: 31.598341 | I76: 32.332266 | J76: 30.717493 | K76: 31.692535 | L76: 32.056075 | M76: 30.548435 | N76: 31.168698 | O76: 2 | P76: 30.717493 | Q76: 31.692535 | R76: 0.63973073 | S76: 1 | T76: 1 | U76: 0.031614819 | V76: 0.7873497790796223 | W76: 0 | X76: 0.094193609 | Y76: 0.094193609 | Z76: 0.57310821 | AA76: 0.027486061 | AB76: =IF(C76="SQUAT",0,1) -> 1 | AC76: =IF(AND(AB76=1,W76=0),1,0) -> 1 | AD76: =IF(AC76=1,X76,"") -> 0.094193609 | AE76: =IF(AB76=1,X76,"") -> 0.094193609 | AF76: =IF(AB76=1,IF(X76<=2,1,0),"") -> 1
A77: S28_KDH | B77: S01 | C77: FACE_R1 | D77: 1 | E77: 26.002 | F77: 77.6 | G77: 51.598 | H77: 19.244458 | I77: 19.287879 | J77: 18.985057 | K77: 15.552053 | L77: 19.387283 | M77: 19.099803 | N77: 15.827052 | O77: 1 | P77: 19.287879 | Q77: 19.287879 | R77: 0.30282146 | S77: 1 | T77: 1 | U77: 0.039433653 | V77: 0.8467723216444137 | W77: 0 | X77: 0.043420995 | Y77: 0.043420995 | Z77: 0.88885313 | AA77: 0.033169955 | AB77: =IF(C77="SQUAT",0,1) -> 1 | AC77: =IF(AND(AB77=1,W77=0),1,0) -> 1 | AD77: =IF(AC77=1,X77,"") -> 0.043420995 | AE77: =IF(AB77=1,X77,"") -> 0.043420995 | AF77: =IF(AB77=1,IF(X77<=2,1,0),"") -> 1
A78: S28_KDH | B78: S01 | C78: FACE_R2 | D78: 2 | E78: 87.6 | F78: 139 | G78: 51.4 | H78: 13.548741 | I78: 13.491326 | J78: 13.499408 | K78: 13.494017 | L78: 13.546787 | M78: 13.450048 | N78: 13.490723 | O78: 1 | P78: 13.491326 | Q78: 13.494017 | R78: 0.0026912143 | S78: 1 | T78: 1 | U78: 0.036971661 | V78: 0.8760812869468245 | W78: 0 | X78: 0.054724191 | Y78: 0.049333817 | Z78: 0.90254461 | AA78: 0.028306165 | AB78: =IF(C78="SQUAT",0,1) -> 1 | AC78: =IF(AND(AB78=1,W78=0),1,0) -> 1 | AD78: =IF(AC78=1,X78,"") -> 0.054724191 | AE78: =IF(AB78=1,X78,"") -> 0.054724191 | AF78: =IF(AB78=1,IF(X78<=2,1,0),"") -> 1
A79: S28_KDH | B79: S01 | C79: FACE_R3 | D79: 3 | E79: 149 | F79: 202.58 | G79: 53.58 | H79: 20.189388 | I79: 20.137574 | J79: 20.340404 | K79: 20.047367 | L79: 20.273916 | M79: 20.322565 | N79: 20.073667 | O79: 3 | P79: 20.047367 | Q79: 20.137574 | R79: 0.090206381 | S79: 1 | T79: 1 | U79: 0.036368826 | V79: 0.8405065682461582 | W79: 0 | X79: 0.05181456 | Y79: 0.05181456 | Z79: 0.81677618 | AA79: 0.031112585 | AB79: =IF(C79="SQUAT",0,1) -> 1 | AC79: =IF(AND(AB79=1,W79=0),1,0) -> 1 | AD79: =IF(AC79=1,X79,"") -> 0.05181456 | AE79: =IF(AB79=1,X79,"") -> 0.05181456 | AF79: =IF(AB79=1,IF(X79<=2,1,0),"") -> 1
A80: S28_KDH | B80: S02 | C80: NORMAL | E80: 252.62 | F80: 302.62 | G80: 50 | H80: 11.174381 | I80: 11.09586 | J80: 11.033876 | K80: 11.08027 | L80: 11.119886 | M80: 11.192041 | N80: 11.032129 | O80: 3 | P80: 11.08027 | Q80: 11.08027 | R80: 0.015590265 | S80: 1 | T80: 1 | U80: 0.038903542 | V80: 0.8803315616019526 | W80: 0 | X80: 0.094111158 | Y80: 0.078520894 | Z80: 0.90194172 | AA80: 0.032485479 | AB80: =IF(C80="SQUAT",0,1) -> 1 | AC80: =IF(AND(AB80=1,W80=0),1,0) -> 1 | AD80: =IF(AC80=1,X80,"") -> 0.094111158 | AE80: =IF(AB80=1,X80,"") -> 0.094111158 | AF80: =IF(AB80=1,IF(X80<=2,1,0),"") -> 1
A81: S28_KDH | B81: S02 | C81: SLOW | E81: 312.62 | F81: 362.62 | G81: 50 | H81: 6.0815661 | I81: 6.0178706 | J81: 6.0374213 | K81: 6.0839286 | L81: 6.0134577 | M81: 5.9819969 | N81: 6.136938 | O81: 3 | P81: 6.0839286 | Q81: 6.0374213 | R81: 0.019550659 | S81: 0.86355129 | T81: 1 | U81: 0.033550788 | V81: 0.8265395844151989 | W81: 0 | X81: 0.044144773 | Y81: 0.0023625424 | Z81: 0.96796368 | AA81: 0.033119231 | AB81: =IF(C81="SQUAT",0,1) -> 1 | AC81: =IF(AND(AB81=1,W81=0),1,0) -> 1 | AD81: =IF(AC81=1,X81,"") -> 0.044144773 | AE81: =IF(AB81=1,X81,"") -> 0.044144773 | AF81: =IF(AB81=1,IF(X81<=2,1,0),"") -> 1
A82: S28_KDH | B82: S02 | C82: POST_HOLD | E82: 402.475 | F82: 452.62 | G82: 50.145 | H82: 12.208773 | I82: 12.086028 | J82: 12.13939 | K82: 11.97786 | L82: 12.01636 | M82: 12.102635 | N82: 11.805162 | O82: 3 | P82: 11.97786 | Q82: 12.086028 | R82: 0.053362152 | S82: 1 | T82: 1 | U82: 0.03782639 | V82: 0.8738279418886062 | W82: 0 | X82: 0.12274524 | Y82: 0.069383093 | Z82: 0.78112766 | AA82: 0.034853535 | AB82: =IF(C82="SQUAT",0,1) -> 1 | AC82: =IF(AND(AB82=1,W82=0),1,0) -> 1 | AD82: =IF(AC82=1,X82,"") -> 0.12274524 | AE82: =IF(AB82=1,X82,"") -> 0.12274524 | AF82: =IF(AB82=1,IF(X82<=2,1,0),"") -> 1
A83: S28_KDH | B83: S02 | C83: SQUAT | E83: 477.62 | F83: 527.62 | G83: 50 | H83: 17.306738 | I83: 21.624635 | J83: 21.671819 | K83: 21.707393 | L83: 21.617514 | M83: 21.654196 | N83: 21.704525 | O83: 2 | P83: 21.671819 | Q83: 21.671819 | R83: 0.035574811 | S83: 1 | T83: 0 | U83: 0.1005233 | V83: 0.7599069305344628 | W83: 1 | X83: 4.3650805 | Y83: 4.3178967 | Z83: 0.28166763 | AA83: 0.088895299 | AB83: =IF(C83="SQUAT",0,1) -> 0 | AC83: =IF(AND(AB83=1,W83=0),1,0) -> 0 | AD83: =IF(AC83=1,X83,"") | AE83: =IF(AB83=1,X83,"") | AF83: =IF(AB83=1,IF(X83<=2,1,0),"")
A84: S28_KDH | B84: S02 | C84: POST_EXERCISE | E84: 552.62 | F84: 602.62 | G84: 50 | H84: 20.336301 | I84: 20.631804 | J84: 20.349871 | K84: 20.380005 | L84: 20.582072 | M84: 20.388167 | N84: 20.54703 | O84: 2 | P84: 20.349871 | Q84: 20.380005 | R84: 0.030133853 | S84: 1 | T84: 0.91935693 | U84: 0.042822507 | V84: 0.8709238970825498 | W84: 0 | X84: 0.043703976 | Y84: 0.013570123 | Z84: 0.93139766 | AA84: 0.032647014 | AB84: =IF(C84="SQUAT",0,1) -> 1 | AC84: =IF(AND(AB84=1,W84=0),1,0) -> 1 | AD84: =IF(AC84=1,X84,"") -> 0.043703976 | AE84: =IF(AB84=1,X84,"") -> 0.043703976 | AF84: =IF(AB84=1,IF(X84<=2,1,0),"") -> 1

Sheet 레이더별_관측
A1: 레이더별·거리 경로 관측
A2: 각 레이더의 주 경로와 보조 경로 후보, 레이더 자체 품질 및 사후 BIOPAC 오차를 분리해 기록합니다.
A4: subject | B4: experiment | C4: state | D4: nominal_facing_radar | E4: radar | F4: start_s | G4: end_s | H4: duration_s | I4: rsp_rr_bpm | J4: primary_bin | K4: auxiliary_bin | L4: auxiliary_corr | M4: radar_rr_bpm | N4: primary_rr_bpm | O4: path_fused_rr_bpm | P4: primary_rr_abs_error | Q4: path_fused_rr_abs_error | R4: rr_abs_error | S4: quality | T4: phase_bad | U4: spectral_entropy | V4: peak_fraction | W4: edge_margin_hz | X4: motion_index
A5: S07_KDM | B5: S01 | C5: FACE_R1 | D5: 1 | E5: 1 | F5: 30.459 | G5: 79.4 | H5: 48.941 | I5: 11.537368 | J5: 67 | K5: 78 | L5: -0.76950414 | M5: 11.6559 | N5: 11.674359 | O5: 11.6559 | P5: 0.13699126 | Q5: 0.11853196 | R5: 0.11853196 | S5: 1.9855762428860007 | T5: 0.009197751660705161 | U5: 0.74535056 | V5: 0.11634903 | W5: 0.044572654 | X5: 0.030066882
A6: S07_KDM | B6: S01 | C6: FACE_R1 | D6: 1 | E6: 2 | F6: 30.459 | G6: 79.4 | H6: 48.941 | I6: 11.537368 | J6: 19 | K6: 75 | L6: 0.79431591 | M6: 11.535088 | N6: 11.625014 | O6: 11.535088 | P6: 0.087646113 | Q6: 0.0022800608 | R6: 0.0022800608 | S6: 3.0873724832315403 | T6: 0.0 | U6: 0.66979296 | V6: 0.12356178 | W6: 0.043750235 | X6: 0.030606469
A7: S07_KDM | B7: S01 | C7: FACE_R1 | D7: 1 | E7: 3 | F7: 30.459 | G7: 79.4 | H7: 48.941 | I7: 11.537368 | J7: 12 | K7: 78 | L7: 0.73767073 | M7: 11.554222 | N7: 11.641951 | O7: 11.554222 | P7: 0.10458271 | Q7: 0.016853623 | R7: 0.016853623 | S7: 1.7050823840925915 | T7: 0.0 | U7: 0.63147521 | V7: 0.13485608 | W7: 0.044032512 | X7: 0.023423434
A8: S07_KDM | B8: S01 | C8: FACE_R2 | D8: 2 | E8: 1 | F8: 89.4 | G8: 141.3 | H8: 51.9 | I8: 17.278966 | J8: 14 | K8: 23 | L8: 0.92584248 | M8: 16.952714 | N8: 16.982492 | O8: 16.952714 | P8: 0.2964736 | Q8: 0.32625217 | R8: 0.32625217 | S8: 2.236861632937049 | T8: 0.0 | U8: 0.74753199 | V8: 0.099265001 | W8: 0.13304154 | X8: 0.028282656
A9: S07_KDM | B9: S01 | C9: FACE_R2 | D9: 2 | E9: 2 | F9: 89.4 | G9: 141.3 | H9: 51.9 | I9: 17.278966 | J9: 29 | K9: 64 | L9: 0.78532837 | M9: 17.043484 | N9: 17.216889 | O9: 17.043484 | P9: 0.062076268 | Q9: 0.23548219 | R9: 0.23548219 | S9: 1.4496355953735396 | T9: 0.005301204819277108 | U9: 0.78140268 | V9: 0.09386023 | W9: 0.13694816 | X9: 0.029611614
A10: S07_KDM | B10: S01 | C10: FACE_R2 | D10: 2 | E10: 3 | F10: 89.4 | G10: 141.3 | H10: 51.9 | I10: 17.278966 | J10: 16 | K10: 28 | L10: -0.88359145 | M10: 16.871437 | N10: 16.790587 | O10: 16.871437 | P10: 0.48837826 | Q10: 0.40752848 | R10: 0.40752848 | S10: 2.0614077325322593 | T10: 0.0 | U10: 0.74347464 | V10: 0.094482275 | W10: 0.12984312 | X10: 0.026469473
A11: S07_KDM | B11: S01 | C11: FACE_R3 | D11: 3 | E11: 1 | F11: 151.3 | G11: 209.345 | H11: 58.045 | I11: 11.208947 | J11: 11 | K11: 73 | L11: -0.6526159 | M11: 12.306798 | N11: 11.553488 | O11: 12.306798 | P11: 0.34454059 | Q11: 1.0978511 | R11: 1.0978511 | S11: 0.9957296497926186 | T11: 0.0008616975441619991 | U11: 0.70698756 | V11: 0.092336149 | W11: 0.042558127 | X11: 0.026325601
A12: S07_KDM | B12: S01 | C12: FACE_R3 | D12: 3 | E12: 2 | F12: 151.3 | G12: 209.345 | H12: 58.045 | I12: 11.208947 | J12: 68 | K12: 32 | L12: 0.75546539 | M12: 11.120985 | N12: 11.267908 | O12: 11.120985 | P12: 0.058960904 | Q12: 0.087961621 | R12: 0.087961621 | S12: 2.2794500041479178 | T12: 0.005601034037052995 | U12: 0.6751428 | V12: 0.11336197 | W12: 0.037798465 | X12: 0.03119889
A13: S07_KDM | B13: S01 | C13: FACE_R3 | D13: 3 | E13: 3 | F13: 151.3 | G13: 209.345 | H13: 58.045 | I13: 11.208947 | J13: 32 | K13: 77 | L13: 0.79089223 | M13: 11.051201 | N13: 10.881613 | O13: 11.051201 | P13: 0.32733403 | Q13: 0.15774628 | R13: 0.15774628 | S13: 1.4928548972077023 | T13: 0.004308487720809996 | U13: 0.78385412 | V13: 0.093693813 | W13: 0.031360216 | X13: 0.028120924
A14: S07_KDM | B14: S02 | C14: NORMAL | E14: 1 | F14: 286.189 | G14: 336.189 | H14: 50 | I14: 15.587172 | J14: 73 | K14: 15 | L14: -0.77868778 | M14: 16.201647 | N14: 16.272527 | O14: 16.201647 | P14: 0.68535424 | Q14: 0.61447497 | R14: 0.61447497 | S14: 1.0320401453410792 | T14: 0.0 | U14: 0.7819456 | V14: 0.077847398 | W14: 0.12120878 | X14: 0.031215165
A15: S07_KDM | B15: S02 | C15: NORMAL | E15: 2 | F15: 286.189 | G15: 336.189 | H15: 50 | I15: 15.587172 | J15: 65 | K15: 79 | L15: -0.75698931 | M15: 14.08496 | N15: 14.146643 | O15: 14.08496 | P15: 1.4405294 | Q15: 1.5022125 | R15: 1.5022125 | S15: 1.0032357818974775 | T15: 0.0015 | U15: 0.84022794 | V15: 0.060635374 | W15: 0.08577738 | X15: 0.030431163
A16: S07_KDM | B16: S02 | C16: NORMAL | E16: 3 | F16: 286.189 | G16: 336.189 | H16: 50 | I16: 15.587172 | J16: 61 | K16: 14 | L16: 0.76722204 | M16: 16.272127 | N16: 16.280309 | O16: 16.272127 | P16: 0.69313709 | Q16: 0.68495449 | R16: 0.68495449 | S16: 1.4036933266027742 | T16: 0.0 | U16: 0.73505286 | V16: 0.098069681 | W16: 0.12133849 | X16: 0.028548587
A17: S07_KDM | B17: S02 | C17: SLOW | E17: 1 | F17: 346.189 | G17: 396.189 | H17: 50 | I17: 6.0213334 | J17: 12 | K17: 24 | L17: 0.80437058 | M17: 5.9200195 | N17: 5.8646906 | O17: 5.9200195 | P17: 0.15664281 | Q17: 0.10131389 | R17: 0.10131389 | S17: 4.7019022368096595 | T17: 0.009 | U17: 0.63016545 | V17: 0.13293545 | W17: 0.027744844 | X17: 0.031648521
A18: S07_KDM | B18: S02 | C18: SLOW | E18: 2 | F18: 346.189 | G18: 396.189 | H18: 50 | I18: 6.0213334 | J18: 20 | K18: 29 | L18: 0.77116332 | M18: 5.9314017 | N18: 5.8932067 | O18: 5.9314017 | P18: 0.12812673 | Q18: 0.0899317 | R18: 0.0899317 | S18: 3.711982828818849 | T18: 0.0025 | U18: 0.68940527 | V18: 0.13060799 | W18: 0.028220112 | X18: 0.029006981
A19: S07_KDM | B19: S02 | C19: SLOW | E19: 3 | F19: 346.189 | G19: 396.189 | H19: 50 | I19: 6.0213334 | J19: 14 | K19: 32 | L19: -0.81474304 | M19: 5.9797552 | N19: 5.9477077 | O19: 5.9797552 | P19: 0.073625761 | Q19: 0.041578192 | R19: 0.041578192 | S19: 5.035364202920661 | T19: 0.002 | U19: 0.64616305 | V19: 0.1405307 | W19: 0.029128461 | X19: 0.027789822
A20: S07_KDM | B20: S02 | C20: POST_HOLD | E20: 1 | F20: 436.189 | G20: 486.189 | H20: 50 | I20: 11.412533 | J20: 13 | K20: 71 | L20: -0.71993507 | M20: 11.500329 | N20: 11.313121 | O20: 11.500329 | P20: 0.099412724 | Q20: 0.087795606 | R20: 0.087795606 | S20: 3.849803704571583 | T20: 0.0005 | U20: 0.66405731 | V20: 0.11378183 | W20: 0.038552011 | X20: 0.029144228
A21: S07_KDM | B21: S02 | C21: POST_HOLD | E21: 2 | F21: 436.189 | G21: 486.189 | H21: 50 | I21: 11.412533 | J21: 21 | K21: 62 | L21: 0.69898026 | M21: 11.726805 | N21: 11.889989 | O21: 11.726805 | P21: 0.47745596 | Q21: 0.3142719 | R21: 0.3142719 | S21: 1.1527258955839887 | T21: 0.001 | U21: 0.81153944 | V21: 0.081724411 | W21: 0.04816649 | X21: 0.032211252
A22: S07_KDM | B22: S02 | C22: POST_HOLD | E22: 3 | F22: 436.189 | G22: 486.189 | H22: 50 | I22: 11.412533 | J22: 58 | K22: 16 | L22: 0.79421587 | M22: 11.282329 | N22: 11.277713 | O22: 11.282329 | P22: 0.13482088 | Q22: 0.13020482 | R22: 0.13020482 | S22: 4.0988262426443836 | T22: 0.0 | U22: 0.65606564 | V22: 0.12076416 | W22: 0.037961876 | X22: 0.030958891
A23: S07_KDM | B23: S02 | C23: SQUAT | E23: 1 | F23: 511.189 | G23: 561.189 | H23: 50 | I23: 22.079795 | J23: 81 | K23: 22 | L23: 0.43970185 | M23: 14.366648 | N23: 14.462492 | O23: 14.366648 | P23: 7.6173027 | Q23: 7.7131472 | R23: 7.7131472 | S23: 1.0626669878482184 | T23: 0.05 | U23: 0.84929145 | V23: 0.072033775 | W23: 0.091041536 | X23: 0.073346927
A24: S07_KDM | B24: S02 | C24: SQUAT | E24: 2 | F24: 511.189 | G24: 561.189 | H24: 50 | I24: 22.079795 | J24: 42 | K24: 18 | L24: -0.57614255 | M24: 10.976912 | N24: 10.954205 | O24: 10.976912 | P24: 11.125589 | Q24: 11.102883 | R24: 11.102883 | S24: 0.7741008246792034 | T24: 0.0125 | U24: 0.81700622 | V24: 0.062997859 | W24: 0.03257009 | X24: 0.079579759
A25: S07_KDM | B25: S02 | C25: SQUAT | E25: 3 | F25: 511.189 | G25: 561.189 | H25: 50 | I25: 22.079795 | J25: 31 | M25: 11.71282 | N25: 11.712256 | O25: 11.71282 | P25: 10.367539 | Q25: 10.366975 | R25: 10.366975 | S25: 0.7738469407261818 | T25: 0.026 | U25: 0.89228877 | V25: 0.047838399 | W25: 0.045204266 | X25: 0.15569546
A26: S07_KDM | B26: S02 | C26: POST_EXERCISE | E26: 1 | F26: 586.189 | G26: 636.189 | H26: 50 | I26: 21.914253 | J26: 57 | K26: 18 | L26: -0.70617529 | M26: 21.865989 | N26: 21.76117 | O26: 21.865989 | P26: 0.15308298 | Q26: 0.04826436 | R26: 0.04826436 | S26: 1.7931716852923865 | T26: 0.0 | U26: 0.74272116 | V26: 0.084527634 | W26: 0.21268617 | X26: 0.032234432
A27: S07_KDM | B27: S02 | C27: POST_EXERCISE | E27: 2 | F27: 586.189 | G27: 636.189 | H27: 50 | I27: 21.914253 | J27: 64 | K27: 30 | L27: -0.49273123 | M27: 21.816558 | N27: 21.821438 | O27: 21.816558 | P27: 0.092815676 | Q27: 0.09769558 | R27: 0.09769558 | S27: 2.386918116424145 | T27: 0.006 | U27: 0.73221422 | V27: 0.083630473 | W27: 0.21369063 | X27: 0.029476407
A28: S07_KDM | B28: S02 | C28: POST_EXERCISE | E28: 3 | F28: 586.189 | G28: 636.189 | H28: 50 | I28: 21.914253 | J28: 58 | K28: 25 | L28: 0.75999574 | M28: 21.824771 | N28: 21.843625 | O28: 21.824771 | P28: 0.070628329 | Q28: 0.089481875 | R28: 0.089481875 | S28: 2.397515776520744 | T28: 0.0 | U28: 0.72755642 | V28: 0.10429208 | W28: 0.21406041 | X28: 0.03125472
A29: S08_MDO | B29: S01 | C29: FACE_R1 | D29: 1 | E29: 1 | F29: 36.98 | G29: 85.1 | H29: 48.12 | I29: 10.290275 | J29: 14 | K29: 28 | L29: -0.86545399 | M29: 10.31621 | N29: 10.300655 | O29: 10.31621 | P29: 0.010379662 | Q29: 0.025934873 | R29: 0.025934873 | S29: 2.055364330274059 | T29: 0.0015592515592515593 | U29: 0.66973992 | V29: 0.12528862 | W29: 0.021677575 | X29: 0.025058695
A30: S08_MDO | B30: S01 | C30: FACE_R1 | D30: 1 | E30: 2 | F30: 36.98 | G30: 85.1 | H30: 48.12 | I30: 10.290275 | J30: 19 | K30: 68 | L30: -0.76856686 | M30: 10.460557 | N30: 10.540893 | O30: 10.460557 | P30: 0.25061789 | Q30: 0.1702821 | R30: 0.1702821 | S30: 1.0257568773283763 | T30: 0.0 | U30: 0.73555537 | V30: 0.10085235 | W30: 0.025681546 | X30: 0.028124239
A31: S08_MDO | B31: S01 | C31: FACE_R1 | D31: 1 | E31: 3 | F31: 36.98 | G31: 85.1 | H31: 48.12 | I31: 10.290275 | J31: 59 | K31: 68 | L31: 0.8274467 | M31: 11.033514 | N31: 11.128124 | O31: 11.033514 | P31: 0.83784924 | Q31: 0.74323886 | R31: 0.74323886 | S31: 0.7793156484050936 | T31: 0.0 | U31: 0.81313303 | V31: 0.07737125 | W31: 0.035468735 | X31: 0.019185552
A32: S08_MDO | B32: S01 | C32: FACE_R2 | D32: 2 | E32: 1 | F32: 95.1 | G32: 146.8 | H32: 51.7 | I32: 10.433251 | J32: 57 | K32: 78 | L32: -0.84727675 | M32: 10.482726 | N32: 10.61474 | O32: 10.482726 | P32: 0.18148925 | Q32: 0.049474957 | R32: 0.049474957 | S32: 1.2481445089428156 | T32: 0.0 | U32: 0.73605644 | V32: 0.10776111 | W32: 0.026912333 | X32: 0.027306642
A33: S08_MDO | B33: S01 | C33: FACE_R2 | D33: 2 | E33: 2 | F33: 95.1 | G33: 146.8 | H33: 51.7 | I33: 10.433251 | J33: 20 | K33: 30 | L33: -0.88820058 | M33: 10.381755 | N33: 10.38101 | O33: 10.381755 | P33: 0.052240563 | Q33: 0.051495646 | R33: 0.051495646 | S33: 1.9796188658651315 | T33: 0.0 | U33: 0.66227709 | V33: 0.1297417 | W33: 0.023016836 | X33: 0.035140237
A34: S08_MDO | B34: S01 | C34: FACE_R2 | D34: 2 | E34: 3 | F34: 95.1 | G34: 146.8 | H34: 51.7 | I34: 10.433251 | J34: 59 | K34: 22 | L34: 0.83736752 | M34: 10.251072 | N34: 10.243153 | O34: 10.251072 | P34: 0.19009763 | Q34: 0.18217843 | R34: 0.18217843 | S34: 1.8726191982985916 | T34: 0.0 | U34: 0.62039286 | V34: 0.140719 | W34: 0.020719218 | X34: 0.022442727
A35: S08_MDO | B35: S01 | C35: FACE_R3 | D35: 3 | E35: 1 | F35: 156.8 | G35: 215.164 | H35: 58.364 | I35: 10.780079 | J35: 62 | K35: 12 | L35: -0.76527274 | M35: 10.832059 | N35: 10.781902 | O35: 10.832059 | P35: 0.0018226241 | Q35: 0.051980254 | R35: 0.051980254 | S35: 1.8928539549703798 | T35: 0.005569837189374464 | U35: 0.66201031 | V35: 0.1842294 | W35: 0.029698363 | X35: 0.030115209
A36: S08_MDO | B36: S01 | C36: FACE_R3 | D36: 3 | E36: 2 | F36: 156.8 | G36: 215.164 | H36: 58.364 | I36: 10.780079 | J36: 21 | K36: 67 | L36: 0.76215974 | M36: 10.873485 | N36: 11.009801 | O36: 10.873485 | P36: 0.22972148 | Q36: 0.093405761 | R36: 0.093405761 | S36: 2.7815626930026696 | T36: 0.000856898029134533 | U36: 0.66837423 | V36: 0.15114047 | W36: 0.033496677 | X36: 0.02968026
A37: S08_MDO | B37: S01 | C37: FACE_R3 | D37: 3 | E37: 3 | F37: 156.8 | G37: 215.164 | H37: 58.364 | I37: 10.780079 | J37: 60 | K37: 72 | L37: 0.6175049 | M37: 10.687887 | N37: 10.639887 | O37: 10.687887 | P37: 0.14019227 | Q37: 0.09219186 | R37: 0.09219186 | S37: 2.1035140908760614 | T37: 0.0021422450728363325 | U37: 0.71179055 | V37: 0.11882406 | W37: 0.027331448 | X37: 0.025555555
A38: S08_MDO | B38: S02 | C38: NORMAL | E38: 1 | F38: 278.17 | G38: 328.17 | H38: 50 | I38: 18.438432 | J38: 21 | K38: 14 | L38: -0.77643784 | M38: 18.42081 | N38: 18.45335 | O38: 18.42081 | P38: 0.014917309 | Q38: 0.017622029 | R38: 0.017622029 | S38: 2.6846135445376107 | T38: 0.0005 | U38: 0.68562853 | V38: 0.12280543 | W38: 0.15755583 | X38: 0.031204142
A39: S08_MDO | B39: S02 | C39: NORMAL | E39: 2 | F39: 278.17 | G39: 328.17 | H39: 50 | I39: 18.438432 | J39: 65 | K39: 27 | L39: -0.68575288 | M39: 18.457638 | N39: 18.456983 | O39: 18.457638 | P39: 0.018550118 | Q39: 0.019205812 | R39: 0.019205812 | S39: 4.785483956035966 | T39: 0.0095 | U39: 0.62622254 | V39: 0.14154777 | W39: 0.15761638 | X39: 0.031353275
A40: S08_MDO | B40: S02 | C40: NORMAL | E40: 3 | F40: 278.17 | G40: 328.17 | H40: 50 | I40: 18.438432 | J40: 85 | K40: 74 | L40: 0.72628714 | M40: 18.599925 | N40: 18.692619 | O40: 18.599925 | P40: 0.25418605 | Q40: 0.16149224 | R40: 0.16149224 | S40: 1.032656550537584 | T40: 0.0 | U40: 0.69563376 | V40: 0.13546849 | W40: 0.16154364 | X40: 0.021178582
A41: S08_MDO | B41: S02 | C41: SLOW | E41: 1 | F41: 338.17 | G41: 388.17 | H41: 50 | I41: 5.9659786 | J41: 64 | K41: 60 | L41: 0.84956187 | M41: 5.9574 | N41: 5.9328798 | O41: 5.9574 | P41: 0.033098781 | Q41: 0.0085786275 | R41: 0.0085786275 | S41: 3.535171257255561 | T41: 0.0 | U41: 0.58305593 | V41: 0.14886229 | W41: 0.02888133 | X41: 0.027327519
A42: S08_MDO | B42: S02 | C42: SLOW | E42: 2 | F42: 338.17 | G42: 388.17 | H42: 50 | I42: 5.9659786 | J42: 33 | K42: 24 | L42: 0.85620024 | M42: 6.0612758 | N42: 6.0853335 | O42: 6.0612758 | P42: 0.11935494 | Q42: 0.095297227 | R42: 0.095297227 | S42: 3.389414770531751 | T42: 0.0 | U42: 0.68792533 | V42: 0.13696516 | W42: 0.031422225 | X42: 0.02856217
A43: S08_MDO | B43: S02 | C43: SLOW | E43: 3 | F43: 338.17 | G43: 388.17 | H43: 50 | I43: 5.9659786 | J43: 16 | K43: 29 | L43: 0.74138149 | M43: 5.9657787 | N43: 5.899393 | O43: 5.9657787 | P43: 0.066585555 | Q43: 0.00019985825 | R43: 0.00019985825 | S43: 4.65161934686562 | T43: 0.0005 | U43: 0.64904754 | V43: 0.13206582 | W43: 0.028323217 | X43: 0.024553685
A44: S08_MDO | B44: S02 | C44: POST_HOLD | E44: 1 | F44: 423.17 | G44: 478.17 | H44: 55 | I44: 11.318685 | J44: 12 | K44: 28 | L44: 0.64949377 | M44: 11.304348 | N44: 11.403421 | O44: 11.304348 | P44: 0.084736317 | Q44: 0.014337012 | R44: 0.014337012 | S44: 5.07472581920337 | T44: 0.01 | U44: 0.64178754 | V44: 0.15126961 | W44: 0.040057021 | X44: 0.028209574
A45: S08_MDO | B45: S02 | C45: POST_HOLD | E45: 2 | F45: 423.17 | G45: 478.17 | H45: 55 | I45: 11.318685 | J45: 18 | K45: 69 | L45: -0.73930187 | M45: 11.326606 | N45: 11.359358 | O45: 11.326606 | P45: 0.04067273 | Q45: 0.0079213752 | R45: 0.0079213752 | S45: 4.145808914747647 | T45: 0.004090909090909091 | U45: 0.66680378 | V45: 0.13272031 | W45: 0.039322628 | X45: 0.032060716
A46: S08_MDO | B46: S02 | C46: POST_HOLD | E46: 3 | F46: 423.17 | G46: 478.17 | H46: 55 | I46: 11.318685 | J46: 29 | K46: 70 | L46: -0.90570434 | M46: 11.312426 | N46: 11.324506 | O46: 11.312426 | P46: 0.0058205477 | Q46: 0.0062590802 | R46: 0.0062590802 | S46: 2.5337788100714476 | T46: 0.00045454545454545455 | U46: 0.57489265 | V46: 0.15728856 | W46: 0.038741758 | X46: 0.026561506
A47: S08_MDO | B47: S02 | C47: SQUAT | E47: 1 | F47: 503.17 | G47: 553.17 | H47: 50 | I47: 11.753088 | J47: 33 | K47: 82 | L47: -0.7367541 | M47: 31.407981 | N47: 31.418403 | O47: 31.407981 | P47: 19.665315 | Q47: 19.654893 | R47: 19.654893 | S47: 1.1024897717896054 | T47: 0.002 | U47: 0.76319331 | V47: 0.089715304 | W47: 0.37364005 | X47: 0.075871073
A48: S08_MDO | B48: S02 | C48: SQUAT | E48: 2 | F48: 503.17 | G48: 553.17 | H48: 50 | I48: 11.753088 | J48: 85 | M48: 11.810531 | N48: 11.811306 | O48: 11.810531 | P48: 0.058218521 | Q48: 0.057442896 | R48: 0.057442896 | S48: 1.2431846323145237 | T48: 0.0335 | U48: 0.81571931 | V48: 0.077869566 | W48: 0.046855104 | X48: 0.093388535
A49: S08_MDO | B49: S02 | C49: SQUAT | E49: 3 | F49: 503.17 | G49: 553.17 | H49: 50 | I49: 11.753088 | J49: 30 | K49: 58 | L49: 0.44856837 | M49: 12.14996 | N49: 11.489405 | O49: 12.14996 | P49: 0.26368227 | Q49: 0.39687236 | R49: 0.39687236 | S49: 0.8213203156553501 | T49: 0.039 | U49: 0.89237749 | V49: 0.055049622 | W49: 0.041490091 | X49: 0.1193426
A50: S08_MDO | B50: S02 | C50: POST_EXERCISE | E50: 1 | F50: 578.17 | G50: 628.17 | H50: 50 | I50: 28.26924 | J50: 17 | K50: 13 | L50: -0.83573055 | M50: 28.33347 | N50: 28.373307 | O50: 28.33347 | P50: 0.1040669 | Q50: 0.064229052 | R50: 0.064229052 | S50: 2.0213073918928366 | T50: 0.0 | U50: 0.69654783 | V50: 0.11484942 | W50: 0.32288846 | X50: 0.029752512
A51: S08_MDO | B51: S02 | C51: POST_EXERCISE | E51: 2 | F51: 578.17 | G51: 628.17 | H51: 50 | I51: 28.26924 | J51: 20 | K51: 69 | L51: -0.5663508 | M51: 28.265086 | N51: 28.236975 | O51: 28.265086 | P51: 0.032265118 | Q51: 0.0041546932 | R51: 0.0041546932 | S51: 4.816573778007068 | T51: 0.005 | U51: 0.64727627 | V51: 0.11549037 | W51: 0.32061626 | X51: 0.033658497
A52: S08_MDO | B52: S02 | C52: POST_EXERCISE | E52: 3 | F52: 578.17 | G52: 628.17 | H52: 50 | I52: 28.26924 | J52: 42 | K52: 14 | L52: -0.67747599 | M52: 28.249226 | N52: 28.213533 | O52: 28.249226 | P52: 0.055707738 | Q52: 0.020013985 | R52: 0.020013985 | S52: 1.4107005020357026 | T52: 0.0 | U52: 0.71570018 | V52: 0.11593937 | W52: 0.32022555 | X52: 0.026002281
A53: S09_HDH | B53: S01 | C53: FACE_R1 | D53: 1 | E53: 1 | F53: 28.37 | G53: 80.9 | H53: 52.53 | I53: 14.614892 | J53: 72 | K53: 16 | L53: 0.78542482 | M53: 14.676989 | N53: 14.618189 | O53: 14.676989 | P53: 0.003297155 | Q53: 0.062097125 | R53: 0.062097125 | S53: 2.6858890173387238 | T53: 0.0009519276534983341 | U53: 0.67132212 | V53: 0.13905694 | W53: 0.093636484 | X53: 0.030639479
A54: S09_HDH | B54: S01 | C54: FACE_R1 | D54: 1 | E54: 2 | F54: 28.37 | G54: 80.9 | H54: 52.53 | I54: 14.614892 | J54: 65 | K54: 79 | L54: -0.77701612 | M54: 14.617073 | N54: 14.622822 | O54: 14.617073 | P54: 0.0079301268 | Q54: 0.002180978 | R54: 0.002180978 | S54: 1.8084954149343537 | T54: 0.0 | U54: 0.75527011 | V54: 0.12564568 | W54: 0.0937137 | X54: 0.034236769
A55: S09_HDH | B55: S01 | C55: FACE_R1 | D55: 1 | E55: 3 | F55: 28.37 | G55: 80.9 | H55: 52.53 | I55: 14.614892 | J55: 15 | K55: 68 | L55: -0.73161768 | M55: 14.738566 | N55: 14.722666 | O55: 14.738566 | P55: 0.10777456 | Q55: 0.12367382 | R55: 0.12367382 | S55: 1.0030751632747161 | T55: 0.0 | U55: 0.86074659 | V55: 0.087059115 | W55: 0.095377774 | X55: 0.025703263
A56: S09_HDH | B56: S01 | C56: FACE_R2 | D56: 2 | E56: 1 | F56: 90.9 | G56: 141.9 | H56: 51 | I56: 16.802957 | J56: 61 | K56: 69 | L56: 0.64938204 | M56: 16.761512 | N56: 16.929712 | O56: 16.761512 | P56: 0.12675531 | Q56: 0.04144528 | R56: 0.04144528 | S56: 0.8522791616956759 | T56: 0.000980872976949485 | U56: 0.81393228 | V56: 0.086147723 | W56: 0.13216187 | X56: 0.027165917
A57: S09_HDH | B57: S01 | C57: FACE_R2 | D57: 2 | E57: 2 | F57: 90.9 | G57: 141.9 | H57: 51 | I57: 16.802957 | J57: 65 | K57: 25 | L57: 0.65217485 | M57: 16.592185 | N57: 17.165256 | O57: 16.592185 | P57: 0.36229878 | Q57: 0.21077178 | R57: 0.21077178 | S57: 0.8536371167708448 | T57: 0.0 | U57: 0.82448877 | V57: 0.068232374 | W57: 0.1360876 | X57: 0.028333324
A58: S09_HDH | B58: S01 | C58: FACE_R2 | D58: 2 | E58: 3 | F58: 90.9 | G58: 141.9 | H58: 51 | I58: 16.802957 | J58: 31 | K58: 77 | L58: 0.83766621 | M58: 16.532136 | N58: 16.601414 | O58: 16.532136 | P58: 0.20154268 | Q58: 0.27082105 | R58: 0.27082105 | S58: 1.608099563116676 | T58: 0.00392349190779794 | U58: 0.77139953 | V58: 0.10171089 | W58: 0.12669024 | X58: 0.021725386
A59: S09_HDH | B59: S01 | C59: FACE_R3 | D59: 3 | E59: 1 | F59: 151.9 | G59: 204.824 | H59: 52.924 | I59: 18.045673 | J59: 11 | K59: 72 | L59: 0.88100669 | M59: 18.232617 | N59: 18.179115 | O59: 18.232617 | P59: 0.13344222 | Q59: 0.18694426 | R59: 0.18694426 | S59: 1.0257635498581779 | T59: 0.0 | U59: 0.78525001 | V59: 0.1150613 | W59: 0.15298525 | X59: 0.025937238
A60: S09_HDH | B60: S01 | C60: FACE_R3 | D60: 3 | E60: 2 | F60: 151.9 | G60: 204.824 | H60: 52.924 | I60: 18.045673 | J60: 17 | K60: 77 | L60: 0.55213124 | M60: 18.10393 | N60: 18.024877 | O60: 18.10393 | P60: 0.020795669 | Q60: 0.058257919 | R60: 0.058257919 | S60: 0.9743835694573372 | T60: 0.005198487712665407 | U60: 0.82491828 | V60: 0.081172137 | W60: 0.15041461 | X60: 0.028696223
A61: S09_HDH | B61: S01 | C61: FACE_R3 | D61: 3 | E61: 3 | F61: 151.9 | G61: 204.824 | H61: 52.924 | I61: 18.045673 | J61: 29 | K61: 12 | L61: 0.39378429 | M61: 17.971573 | N61: 17.895894 | O61: 17.971573 | P61: 0.14977895 | Q61: 0.074099064 | R61: 0.074099064 | S61: 1.1798126325384095 | T61: 0.0 | U61: 0.79940363 | V61: 0.11458182 | W61: 0.14826489 | X61: 0.021140725
A62: S09_HDH | B62: S02 | C62: NORMAL | E62: 1 | F62: 284.862 | G62: 334.862 | H62: 50 | I62: 16.255141 | J62: 60 | K62: 30 | L62: 0.87217012 | M62: 16.008601 | N62: 16.095195 | O62: 16.008601 | P62: 0.1599468 | Q62: 0.24654044 | R62: 0.24654044 | S62: 2.7972680481601335 | T62: 0.0 | U62: 0.68399128 | V62: 0.12335492 | W62: 0.11825324 | X62: 0.025881528
A63: S09_HDH | B63: S02 | C63: NORMAL | E63: 2 | F63: 284.862 | G63: 334.862 | H63: 50 | I63: 16.255141 | J63: 65 | K63: 70 | L63: -0.59956693 | M63: 16.067043 | N63: 16.128092 | O63: 16.067043 | P63: 0.12704917 | Q63: 0.18809844 | R63: 0.18809844 | S63: 1.7167837580766911 | T63: 0.001 | U63: 0.73519308 | V63: 0.12800757 | W63: 0.11880154 | X63: 0.025359376
A64: S09_HDH | B64: S02 | C64: NORMAL | E64: 3 | F64: 284.862 | G64: 334.862 | H64: 50 | I64: 16.255141 | J64: 65 | K64: 58 | L64: 0.88407904 | M64: 16.168286 | N64: 16.190136 | O64: 16.168286 | P64: 0.065005488 | Q64: 0.086855174 | R64: 0.086855174 | S64: 1.6908144064875241 | T64: 0.0 | U64: 0.70234588 | V64: 0.13576323 | W64: 0.1198356 | X64: 0.023039956
A65: S09_HDH | B65: S02 | C65: SLOW | E65: 1 | F65: 344.862 | G65: 394.862 | H65: 50 | I65: 6.1271074 | J65: 14 | K65: 64 | L65: 0.69340479 | M65: 6.0075426 | N65: 5.9873168 | O65: 6.0075426 | P65: 0.13979059 | Q65: 0.11956479 | R65: 0.11956479 | S65: 4.064880944523058 | T65: 0.002 | U65: 0.6543419 | V65: 0.12224896 | W65: 0.029788613 | X65: 0.027751209
A66: S09_HDH | B66: S02 | C66: SLOW | E66: 2 | F66: 344.862 | G66: 394.862 | H66: 50 | I66: 6.1271074 | J66: 68 | K66: 20 | L66: 0.71291299 | M66: 5.7810161 | N66: 5.823199 | O66: 5.7810161 | P66: 0.3039084 | Q66: 0.34609125 | R66: 0.34609125 | S66: 2.5046709299016845 | T66: 0.007 | U66: 0.7075868 | V66: 0.13633886 | W66: 0.027053317 | X66: 0.026802069
A67: S09_HDH | B67: S02 | C67: SLOW | E67: 3 | F67: 344.862 | G67: 394.862 | H67: 50 | I67: 6.1271074 | J67: 60 | K67: 78 | L67: -0.85512303 | M67: 6.0123817 | N67: 6.0534371 | O67: 6.0123817 | P67: 0.07367032 | Q67: 0.1147257 | R67: 0.1147257 | S67: 4.105847728110096 | T67: 0.002 | U67: 0.7081455 | V67: 0.1332064 | W67: 0.030890618 | X67: 0.02126703
A68: S09_HDH | B68: S02 | C68: POST_HOLD | E68: 1 | F68: 434.862 | G68: 484.862 | H68: 50 | I68: 11.707696 | J68: 12 | K68: 71 | L68: -0.82588925 | M68: 11.665543 | N68: 11.669049 | O68: 11.665543 | P68: 0.038646321 | Q68: 0.04215231 | R68: 0.04215231 | S68: 2.871511422672272 | T68: 0.0 | U68: 0.74155978 | V68: 0.11702864 | W68: 0.044484155 | X68: 0.028283974
A69: S09_HDH | B69: S02 | C69: POST_HOLD | E69: 2 | F69: 434.862 | G69: 484.862 | H69: 50 | I69: 11.707696 | J69: 65 | K69: 21 | L69: -0.58877874 | M69: 11.701943 | N69: 11.813247 | O69: 11.701943 | P69: 0.10555114 | Q69: 0.0057527246 | R69: 0.0057527246 | S69: 2.4982624446024775 | T69: 0.0 | U69: 0.73800321 | V69: 0.10843217 | W69: 0.046887446 | X69: 0.02756343
A70: S09_HDH | B70: S02 | C70: POST_HOLD | E70: 3 | F70: 434.862 | G70: 484.862 | H70: 50 | I70: 11.707696 | J70: 61 | K70: 68 | L70: 0.79090318 | M70: 11.662016 | N70: 11.739367 | O70: 11.662016 | P70: 0.031671528 | Q70: 0.045680003 | R70: 0.045680003 | S70: 2.4545247662424683 | T70: 0.0 | U70: 0.7234687 | V70: 0.11371607 | W70: 0.04565612 | X70: 0.021947209
A71: S09_HDH | B71: S02 | C71: SQUAT | E71: 1 | F71: 509.862 | G71: 559.862 | H71: 50 | I71: 16.489153 | J71: 37 | K71: 83 | L71: -0.52991723 | M71: 16.648299 | N71: 16.602772 | O71: 16.648299 | P71: 0.11361874 | Q71: 0.15914598 | R71: 0.15914598 | S71: 2.234064436607377 | T71: 0.007 | U71: 0.73606393 | V71: 0.11552436 | W71: 0.12671286 | X71: 0.087836619
A72: S09_HDH | B72: S02 | C72: SQUAT | E72: 2 | F72: 509.862 | G72: 559.862 | H72: 50 | I72: 16.489153 | J72: 88 | K72: 32 | L72: 0.75727782 | M72: 16.914418 | N72: 16.875985 | O72: 16.914418 | P72: 0.38683213 | Q72: 0.42526509 | R72: 0.42526509 | S72: 1.4260736000963983 | T72: 0.0 | U72: 0.74102063 | V72: 0.1101024 | W72: 0.13126642 | X72: 0.078556941
A73: S09_HDH | B73: S02 | C73: SQUAT | E73: 3 | F73: 509.862 | G73: 559.862 | H73: 50 | I73: 16.489153 | J73: 32 | K73: 11 | L73: -0.80947227 | M73: 16.784687 | N73: 16.736256 | O73: 16.784687 | P73: 0.2471028 | Q73: 0.29553434 | R73: 0.29553434 | S73: 3.109965003371318 | T73: 0.0 | U73: 0.703508 | V73: 0.12837398 | W73: 0.12893759 | X73: 0.096250562
A74: S09_HDH | B74: S02 | C74: POST_EXERCISE | E74: 1 | F74: 584.862 | G74: 634.862 | H74: 50 | I74: 13.804994 | J74: 73 | M74: 15.999591 | N74: 16.000948 | O74: 15.999591 | P74: 2.1959537 | Q74: 2.1945969 | R74: 2.1945969 | S74: 0.9924541493351505 | T74: 0.015 | U74: 0.7907465 | V74: 0.057621362 | W74: 0.11668246 | X74: 0.034340076
A75: S09_HDH | B75: S02 | C75: POST_EXERCISE | E75: 2 | F75: 584.862 | G75: 634.862 | H75: 50 | I75: 13.804994 | J75: 20 | K75: 88 | L75: 0.39628001 | M75: 11.483685 | N75: 11.598242 | O75: 11.483685 | P75: 2.2067525 | Q75: 2.3213089 | R75: 2.3213089 | S75: 1.557404104082692 | T75: 0.026 | U75: 0.80769161 | V75: 0.088201506 | W75: 0.043304028 | X75: 0.032433696
A76: S09_HDH | B76: S02 | C76: POST_EXERCISE | E76: 3 | F76: 584.862 | G76: 634.862 | H76: 50 | I76: 13.804994 | J76: 15 | K76: 86 | L76: 0.4549292 | M76: 10.717028 | N76: 10.502264 | O76: 10.717028 | P76: 3.3027297 | Q76: 3.0879659 | R76: 3.0879659 | S76: 1.0502811789917834 | T76: 0.0135 | U76: 0.73781295 | V76: 0.063916505 | W76: 0.025037741 | X76: 0.030448024
A77: S17_RJS | B77: S01 | C77: FACE_R1 | D77: 1 | E77: 1 | F77: 27.841 | G77: 81 | H77: 53.159 | I77: 14.667131 | J77: 24 | K77: 20 | L77: 0.89143088 | M77: 14.779436 | N77: 14.860628 | O77: 14.779436 | P77: 0.19349749 | Q77: 0.11230584 | R77: 0.11230584 | S77: 2.905587119223114 | T77: 0.0 | U77: 0.60029354 | V77: 0.15660405 | W77: 0.097677134 | X77: 0.034420623
A78: S17_RJS | B78: S01 | C78: FACE_R1 | D78: 1 | E78: 2 | F78: 27.841 | G78: 81 | H78: 53.159 | I78: 14.667131 | J78: 29 | K78: 74 | L78: -0.92460446 | M78: 14.821746 | N78: 14.839186 | O78: 14.821746 | P78: 0.17205581 | Q78: 0.15461499 | R78: 0.15461499 | S78: 3.469244928312499 | T78: 0.0 | U78: 0.61942419 | V78: 0.15407879 | W78: 0.097319773 | X78: 0.027342398
A79: S17_RJS | B79: S01 | C79: FACE_R1 | D79: 1 | E79: 3 | F79: 27.841 | G79: 81 | H79: 53.159 | I79: 14.667131 | J79: 13 | K79: 88 | L79: 0.44705706 | M79: 15.008803 | N79: 14.739427 | O79: 15.008803 | P79: 0.072295976 | Q79: 0.34167199 | R79: 0.34167199 | S79: 1.1038864994129036 | T79: 0.0 | U79: 0.65756281 | V79: 0.12398484 | W79: 0.095657109 | X79: 0.018748544
A80: S17_RJS | B80: S01 | C80: FACE_R2 | D80: 2 | E80: 1 | F80: 91 | G80: 143.2 | H80: 52.2 | I80: 13.307254 | J80: 63 | K80: 23 | L80: 0.96889963 | M80: 13.48723 | N80: 13.488895 | O80: 13.48723 | P80: 0.18164168 | Q80: 0.17997597 | R80: 0.17997597 | S80: 3.729339579503941 | T80: 0.0 | U80: 0.68060429 | V80: 0.13052335 | W80: 0.074814923 | X80: 0.030158551
A81: S17_RJS | B81: S01 | C81: FACE_R2 | D81: 2 | E81: 2 | F81: 91 | G81: 143.2 | H81: 52.2 | I81: 13.307254 | J81: 66 | K81: 22 | L81: 0.60639484 | M81: 13.428375 | N81: 13.511127 | O81: 13.428375 | P81: 0.20387292 | Q81: 0.12112116 | R81: 0.12112116 | S81: 2.3118157307429708 | T81: 0.004312410158121706 | U81: 0.75026122 | V81: 0.12817106 | W81: 0.075185444 | X81: 0.029757094
A82: S17_RJS | B82: S01 | C82: FACE_R2 | D82: 2 | E82: 3 | F82: 91 | G82: 143.2 | H82: 52.2 | I82: 13.307254 | J82: 26 | K82: 63 | L82: -0.94012487 | M82: 13.718298 | N82: 13.822297 | O82: 13.718298 | P82: 0.51504372 | Q82: 0.41104473 | R82: 0.41104473 | S82: 1.833099641442102 | T82: 0.0 | U82: 0.69731582 | V82: 0.11598302 | W82: 0.080371624 | X82: 0.021519438
A83: S17_RJS | B83: S01 | C83: FACE_R3 | D83: 3 | E83: 1 | F83: 153.2 | G83: 204.809 | H83: 51.609 | I83: 15.625819 | J83: 61 | K83: 25 | L83: 0.55095866 | M83: 15.386099 | N83: 15.435189 | O83: 15.386099 | P83: 0.19063046 | Q83: 0.23972029 | R83: 0.23972029 | S83: 0.7881399036677545 | T83: 0.00048449612403100775 | U83: 0.82934776 | V83: 0.095338519 | W83: 0.10725315 | X83: 0.027525935
A84: S17_RJS | B84: S01 | C84: FACE_R3 | D84: 3 | E84: 2 | F84: 153.2 | G84: 204.809 | H84: 51.609 | I84: 15.625819 | J84: 24 | K84: 29 | L84: -0.82030092 | M84: 15.5827 | N84: 15.606461 | O84: 15.5827 | P84: 0.019358254 | Q84: 0.043118835 | R84: 0.043118835 | S84: 1.452277825103384 | T84: 0.0 | U84: 0.69915458 | V84: 0.13857518 | W84: 0.11010768 | X84: 0.02926516
A85: S17_RJS | B85: S01 | C85: FACE_R3 | D85: 3 | E85: 3 | F85: 153.2 | G85: 204.809 | H85: 51.609 | I85: 15.625819 | J85: 64 | K85: 20 | L85: -0.74044439 | M85: 15.59985 | N85: 15.634153 | O85: 15.59985 | P85: 0.0083336201 | Q85: 0.025969246 | R85: 0.025969246 | S85: 2.0976053242560972 | T85: 0.0 | U85: 0.64309496 | V85: 0.12806261 | W85: 0.11056921 | X85: 0.020102818
A86: S17_RJS | B86: S02 | C86: NORMAL | E86: 1 | F86: 243.63 | G86: 293.63 | H86: 50 | I86: 16.900554 | J86: 60 | K86: 16 | L86: 0.53136396 | M86: 16.930658 | N86: 16.809567 | O86: 16.930658 | P86: 0.090986224 | Q86: 0.030104044 | R86: 0.030104044 | S86: 2.051623052137789 | T86: 0.001 | U86: 0.69432699 | V86: 0.10232308 | W86: 0.13015946 | X86: 0.029149334
A87: S17_RJS | B87: S02 | C87: NORMAL | E87: 2 | F87: 243.63 | G87: 293.63 | H87: 50 | I87: 16.900554 | J87: 22 | K87: 39 | L87: 0.75678629 | M87: 17.38224 | N87: 17.552171 | O87: 17.38224 | P87: 0.65161748 | Q87: 0.48168637 | R87: 0.48168637 | S87: 1.0120458965228685 | T87: 0.0 | U87: 0.75685218 | V87: 0.095995759 | W87: 0.14253619 | X87: 0.027289062
A88: S17_RJS | B88: S02 | C88: NORMAL | E88: 3 | F88: 243.63 | G88: 293.63 | H88: 50 | I88: 16.900554 | J88: 15 | K88: 77 | L88: -0.94069612 | M88: 16.492693 | N88: 16.46089 | O88: 16.492693 | P88: 0.43966403 | Q88: 0.40786081 | R88: 0.40786081 | S88: 2.0415483035217896 | T88: 0.0 | U88: 0.71422617 | V88: 0.11150812 | W88: 0.12434816 | X88: 0.023104501
A89: S17_RJS | B89: S02 | C89: SLOW | E89: 1 | F89: 303.63 | G89: 353.63 | H89: 50 | I89: 5.9883127 | J89: 12 | K89: 20 | L89: 0.78423875 | M89: 5.9801519 | N89: 6.1066281 | O89: 5.9801519 | P89: 0.11831542 | Q89: 0.0081607888 | R89: 0.0081607888 | S89: 4.915315888644183 | T89: 0.0 | U89: 0.66444982 | V89: 0.13180806 | W89: 0.031777135 | X89: 0.028198923
A90: S17_RJS | B90: S02 | C90: SLOW | E90: 2 | F90: 303.63 | G90: 353.63 | H90: 50 | I90: 5.9883127 | J90: 23 | K90: 19 | L90: -0.83185663 | M90: 5.9794284 | N90: 5.9552411 | O90: 5.9794284 | P90: 0.033071553 | Q90: 0.0088842629 | R90: 0.0088842629 | S90: 3.8689825218754685 | T90: 0.0015 | U90: 0.62534381 | V90: 0.14884788 | W90: 0.029254019 | X90: 0.029808219
A91: S17_RJS | B91: S02 | C91: SLOW | E91: 3 | F91: 303.63 | G91: 353.63 | H91: 50 | I91: 5.9883127 | J91: 77 | K91: 13 | L91: 0.8636647 | M91: 5.998041 | N91: 5.982154 | O91: 5.998041 | P91: 0.0061586306 | Q91: 0.0097282926 | R91: 0.0097282926 | S91: 4.100025296518376 | T91: 0.0 | U91: 0.65748059 | V91: 0.1360788 | W91: 0.029702567 | X91: 0.023324458
A92: S17_RJS | B92: S02 | C92: POST_HOLD | E92: 1 | F92: 393.25 | G92: 443.63 | H92: 50.38 | I92: 15.953072 | J92: 69 | K92: 24 | L92: 0.73059348 | M92: 12.322079 | N92: 12.390901 | O92: 12.322079 | P92: 3.5621708 | Q92: 3.6309928 | R92: 3.6309928 | S92: 0.7797739131259604 | T92: 0.0 | U92: 0.79365348 | V92: 0.084280276 | W92: 0.056515018 | X92: 0.026706275
A93: S17_RJS | B93: S02 | C93: POST_HOLD | E93: 2 | F93: 393.25 | G93: 443.63 | H93: 50.38 | I93: 15.953072 | J93: 30 | K93: 21 | L93: -0.87894654 | M93: 12.2716 | N93: 12.278132 | O93: 12.2716 | P93: 3.6749395 | Q93: 3.681472 | R93: 3.681472 | S93: 1.31943789949692 | T93: 0.0 | U93: 0.80380511 | V93: 0.064868572 | W93: 0.05463554 | X93: 0.02916279
A94: S17_RJS | B94: S02 | C94: POST_HOLD | E94: 3 | F94: 393.25 | G94: 443.63 | H94: 50.38 | I94: 15.953072 | J94: 59 | K94: 79 | L94: 0.82063374 | M94: 12.146666 | N94: 11.995747 | O94: 12.146666 | P94: 3.9573248 | Q94: 3.8064058 | R94: 3.8064058 | S94: 1.517438927358753 | T94: 0.0 | U94: 0.76018513 | V94: 0.080571071 | W94: 0.049929118 | X94: 0.020610829
A95: S17_RJS | B95: S02 | C95: SQUAT | E95: 1 | F95: 468.63 | G95: 518.63 | H95: 50 | I95: 32.958984 | J95: 15 | M95: 10.795096 | N95: 10.797465 | O95: 10.795096 | P95: 22.161519 | Q95: 22.163888 | R95: 22.163888 | S95: 0.5578401239517632 | T95: 0.0875 | U95: 0.87677896 | V95: 0.066035584 | W95: 0.029957752 | X95: 0.10750409
A96: S17_RJS | B96: S02 | C96: SQUAT | E96: 2 | F96: 468.63 | G96: 518.63 | H96: 50 | I96: 32.958984 | J96: 38 | K96: 83 | L96: 0.65741642 | M96: 30.438557 | N96: 30.366312 | O96: 30.438557 | P96: 2.592672 | Q96: 2.5204269 | R96: 2.5204269 | S96: 0.9479500015583082 | T96: 0.0015 | U96: 0.80223393 | V96: 0.099194528 | W96: 0.35610521 | X96: 0.11812471
A97: S17_RJS | B97: S02 | C97: SQUAT | E97: 3 | F97: 468.63 | G97: 518.63 | H97: 50 | I97: 32.958984 | J97: 76 | K97: 80 | L97: 0.50029549 | M97: 30.723867 | N97: 30.701257 | O97: 30.723867 | P97: 2.2577275 | Q97: 2.2351178 | R97: 2.2351178 | S97: 1.2643641580799567 | T97: 0.038 | U97: 0.82767458 | V97: 0.10298462 | W97: 0.36168761 | X97: 0.18224038
A98: S17_RJS | B98: S02 | C98: POST_EXERCISE | E98: 1 | F98: 543.63 | G98: 593.63 | H98: 50 | I98: 25.945371 | J98: 20 | K98: 73 | L98: 0.76214239 | M98: 26.043384 | N98: 25.959189 | O98: 26.043384 | P98: 0.013818236 | Q98: 0.098013199 | R98: 0.098013199 | S98: 1.453661322033446 | T98: 0.0 | U98: 0.70620196 | V98: 0.092387386 | W98: 0.28265315 | X98: 0.029704367
A99: S17_RJS | B99: S02 | C99: POST_EXERCISE | E99: 2 | F99: 543.63 | G99: 593.63 | H99: 50 | I99: 25.945371 | J99: 66 | K99: 24 | L99: 0.8557946 | M99: 25.974929 | N99: 25.99764 | O99: 25.974929 | P99: 0.052268785 | Q99: 0.029558169 | R99: 0.029558169 | S99: 2.61183345232841 | T99: 0.0 | U99: 0.54968509 | V99: 0.15126794 | W99: 0.28329399 | X99: 0.031447523
A100: S17_RJS | B100: S02 | C100: POST_EXERCISE | E100: 3 | F100: 543.63 | G100: 593.63 | H100: 50 | I100: 25.945371 | J100: 26 | K100: 16 | L100: -0.84967392 | M100: 25.92222 | N100: 25.9975 | O100: 25.92222 | P100: 0.052129028 | Q100: 0.02315122 | R100: 0.02315122 | S100: 3.0727155823904493 | T100: 0.0 | U100: 0.6010458 | V100: 0.11992789 | W100: 0.28329166 | X100: 0.027052156
A101: S18_LJH | B101: S01 | C101: FACE_R1 | D101: 1 | E101: 1 | F101: 28.488 | G101: 78 | H101: 49.512 | I101: 16.37376 | J101: 17 | K101: 73 | L101: 0.9705205 | M101: 16.345898 | N101: 16.34919 | O101: 16.345898 | P101: 0.024569127 | Q101: 0.027861998 | R101: 0.027861998 | S101: 3.9045211908812902 | T101: 0.0025252525252525255 | U101: 0.69753061 | V101: 0.12445458 | W101: 0.12248651 | X101: 0.024844443
...

Sheet 실패사례
A1: 개발군 실패 사례
A2: 오차가 큰 순서로 고정했습니다. 이 목록은 독립검증 전에 알고리즘 한계를 설명하기 위한 개발 기록입니다.
A4: subject | B4: experiment | C4: state | D4: nominal_facing_radar | E4: start_s | F4: end_s | G4: duration_s | H4: rsp_rr_bpm | I4: radar1_rr_bpm | J4: radar2_rr_bpm | K4: radar3_rr_bpm | L4: radar1_primary_rr_bpm | M4: radar2_primary_rr_bpm | N4: radar3_primary_rr_bpm | O4: quality_best_radar | P4: quality_best_rr_bpm | Q4: consensus_rr_bpm | R4: radar_rr_mad_bpm | S4: edge_quality | T4: motion_quality | U4: max_motion_index | V4: confidence | W4: reject | X4: rr_abs_error | Y4: oracle_abs_error | Z4: waveform_abs_corr | AA4: median_motion_index
A5: S26_LDW | B5: S01 | C5: FACE_R2 | D5: 2 | E5: 85.4 | F5: 136.3 | G5: 50.9 | H5: 21.752906 | I5: 21.605194 | J5: 9.0820312 | K5: 9.0820312 | L5: 21.467306 | M5: 9.0820312 | N5: 9.0820312 | O5: 2 | P5: 9.0820312 | Q5: 9.0820312 | R5: 0 | S5: 0.0390625 | T5: 1 | U5: 0.031167553 | V5: 0.6557570199618958 | W5: 1 | X5: 12.670875 | Y5: 0.14771223 | Z5: 0.33318579 | AA5: 0.028236732
A6: S23_KDM | B6: S02 | C6: POST_HOLD | E6: 391.608 | F6: 441.608 | G6: 50 | H6: 14.954701 | I6: 10.728545 | J6: 11.227226 | K6: 11.671301 | L6: 10.727307 | M6: 11.001105 | N6: 11.678136 | O6: 3 | P6: 11.671301 | Q6: 11.227226 | R6: 0.44407585 | S6: 0.95290692 | T6: 1 | U6: 0.028216892 | V6: 0.7761328421837292 | W6: 0 | X6: 3.7274755 | Y6: 3.2833996 | Z6: 0.38125301 | AA6: 0.026102771
A7: S17_RJS | B7: S02 | C7: POST_HOLD | E7: 393.25 | F7: 443.63 | G7: 50.38 | H7: 15.953072 | I7: 12.322079 | J7: 12.2716 | K7: 12.146666 | L7: 12.390901 | M7: 12.278132 | N7: 11.995747 | O7: 3 | P7: 12.146666 | Q7: 12.2716 | R7: 0.050479236 | S7: 1 | T7: 1 | U7: 0.02916279 | V7: 0.8606799817446732 | W7: 0 | X7: 3.681472 | Y7: 3.6309928 | Z7: 0.58739128 | AA7: 0.026706275
A8: S26_LDW | B8: S02 | C8: POST_HOLD | E8: 420.096 | F8: 470.096 | G8: 50 | H8: 18.600868 | I8: 22.457609 | J8: 21.506687 | K8: 21.884487 | L8: 22.409848 | M8: 21.505869 | N8: 21.810936 | O8: 3 | P8: 21.884487 | Q8: 21.884487 | R8: 0.37780004 | S8: 1 | T8: 1 | U8: 0.031941188 | V8: 0.8031687185572721 | W8: 0 | X8: 3.2836192 | Y8: 2.9058192 | Z8: 0.61270047 | AA8: 0.029614323
A9: S09_HDH | B9: S02 | C9: POST_EXERCISE | E9: 584.862 | F9: 634.862 | G9: 50 | H9: 13.804994 | I9: 15.999591 | J9: 11.483685 | K9: 10.717028 | L9: 16.000948 | M9: 11.598242 | N9: 10.502264 | O9: 2 | P9: 11.483685 | Q9: 11.483685 | R9: 0.766657 | S9: 1 | T9: 1 | U9: 0.034340076 | V9: 0.7365092092312489 | W9: 0 | X9: 2.3213089 | Y9: 2.1945969 | Z9: 0.22611498 | AA9: 0.032433696
A10: S26_LDW | B10: S01 | C10: FACE_R1 | D10: 1 | E10: 24.716 | F10: 75.4 | G10: 50.684 | H10: 25.774624 | I10: 24.062547 | J10: 26.624966 | K10: 11.159692 | L10: 24.059089 | M10: 26.573398 | N10: 11.660497 | O10: 1 | P10: 24.062547 | Q10: 24.062547 | R10: 2.5624188 | S10: 1 | T10: 1 | U10: 0.030048665 | V10: 0.6273739154457766 | W10: 0 | X10: 1.7120772 | Y10: 0.85034163 | Z10: 0.54577369 | AA10: 0.025856247
A11: S23_KDM | B11: S02 | C11: POST_EXERCISE | E11: 541.608 | F11: 591.608 | G11: 50 | H11: 38.452148 | I11: 37.412439 | J11: 37.129498 | K11: 10.840063 | L11: 37.458326 | M11: 37.213071 | N11: 10.838905 | O11: 2 | P11: 37.129498 | Q11: 37.129498 | R11: 0.28294086 | S11: 1 | T11: 1 | U11: 0.032253724 | V11: 0.8200233397538171 | W11: 0 | X11: 1.3226501 | Y11: 1.0397092 | Z11: 0.26040509 | AA11: 0.032156651
A12: S07_KDM | B12: S02 | C12: NORMAL | E12: 286.189 | F12: 336.189 | G12: 50 | H12: 15.587172 | I12: 16.201647 | J12: 14.08496 | K12: 16.272127 | L12: 16.272527 | M12: 14.146643 | N12: 16.280309 | O12: 3 | P12: 16.272127 | Q12: 16.201647 | R12: 0.070479517 | S12: 1 | T12: 1 | U12: 0.031215165 | V12: 0.8547197311618137 | W12: 0 | X12: 0.61447497 | Y12: 0.61447497 | Z12: 0.67641054 | AA12: 0.030431163
A13: S23_KDM | B13: S01 | C13: FACE_R2 | D13: 2 | E13: 82.5 | F13: 134.7 | G13: 52.2 | H13: 12.367004 | I13: 11.856508 | J13: 11.873551 | K13: 11.831707 | L13: 11.920245 | M13: 11.895547 | N13: 11.819985 | O13: 3 | P13: 11.831707 | Q13: 11.856508 | R13: 0.017043425 | S13: 1 | T13: 1 | U13: 0.028441038 | V13: 0.860650830913897 | W13: 0 | X13: 0.51049598 | Y13: 0.49345255 | Z13: 0.71873067 | AA13: 0.027401738
A14: S21_PSJ | B14: S01 | C14: FACE_R2 | D14: 2 | E14: 86.4 | F14: 138.4 | G14: 52 | H14: 11.079927 | I14: 11.486134 | J14: 11.47588 | K14: 10.977338 | L14: 11.300148 | M14: 11.335646 | N14: 11.043784 | O14: 2 | P14: 11.47588 | Q14: 11.47588 | R14: 0.010253846 | S14: 1 | T14: 1 | U14: 0.033169638 | V14: 0.8681669703629916 | W14: 0 | X14: 0.39595226 | Y14: 0.10258955 | Z14: 0.73323829 | AA14: 0.027601429
A15: S23_KDM | B15: S01 | C15: FACE_R3 | D15: 3 | E15: 144.7 | F15: 207.8 | G15: 63.1 | H15: 10.79734 | I15: 10.899356 | J15: 11.005979 | K15: 11.152718 | L15: 10.910502 | M15: 10.935519 | N15: 11.227134 | O15: 3 | P15: 11.152718 | Q15: 11.152718 | R15: 0.10662328 | S15: 0.9216755 | T15: 1 | U15: 0.033065804 | V15: 0.8579866493187642 | W15: 0 | X15: 0.35537807 | Y15: 0.10201582 | Z15: 0.52985321 | AA15: 0.029165901
A16: S21_PSJ | B16: S02 | C16: POST_EXERCISE | E16: 548.808 | F16: 598.808 | G16: 50 | H16: 27.32409 | I16: 27.75763 | J16: 27.515833 | K16: 27.671731 | L16: 27.722173 | M16: 27.556164 | N16: 27.683629 | O16: 3 | P16: 27.671731 | Q16: 27.671731 | R16: 0.085899169 | S16: 1 | T16: 1 | U16: 0.031971652 | V16: 0.8866767068315965 | W16: 0 | X16: 0.34764087 | Y16: 0.19174349 | Z16: 0.94392895 | AA16: 0.031876604
A17: S07_KDM | B17: S01 | C17: FACE_R2 | D17: 2 | E17: 89.4 | F17: 141.3 | G17: 51.9 | H17: 17.278966 | I17: 16.952714 | J17: 17.043484 | K17: 16.871437 | L17: 16.982492 | M17: 17.216889 | N17: 16.790587 | O17: 1 | P17: 16.952714 | Q17: 16.952714 | R17: 0.081276306 | S17: 1 | T17: 1 | U17: 0.029611614 | V17: 0.8486230480034661 | W17: 0 | X17: 0.32625217 | Y17: 0.23548219 | Z17: 0.85616043 | AA17: 0.028282656
A18: S26_LDW | B18: S01 | C18: FACE_R3 | D18: 3 | E18: 146.3 | F18: 201.844 | G18: 55.544 | H18: 23.739342 | I18: 23.822065 | J18: 23.996099 | K18: 23.92781 | L18: 23.896817 | M18: 23.991595 | N18: 24.015524 | O18: 2 | P18: 23.996099 | Q18: 23.996099 | R18: 0.06828953 | S18: 1 | T18: 1 | U18: 0.02858375 | V18: 0.8721101775812391 | W18: 0 | X18: 0.25675766 | Y18: 0.082723805 | Z18: 0.64788004 | AA18: 0.027421955
A19: S09_HDH | B19: S01 | C19: FACE_R2 | D19: 2 | E19: 90.9 | F19: 141.9 | G19: 51 | H19: 16.802957 | I19: 16.761512 | J19: 16.592185 | K19: 16.532136 | L19: 16.929712 | M19: 17.165256 | N19: 16.601414 | O19: 3 | P19: 16.532136 | Q19: 16.592185 | R19: 0.060049275 | S19: 1 | T19: 1 | U19: 0.028333324 | V19: 0.8699417531824182 | W19: 0 | X19: 0.21077178 | Y19: 0.04144528 | Z19: 0.74034318 | AA19: 0.027165917

Sheet 설정값
A1: 동결할 신호처리·거절 설정값
A2: 독립검증군을 실행하기 전에 아래 값을 변경하지 않는 것이 원칙입니다.
A4: group | B4: parameter | C4: value | D4: basis
A5: 신호 | B5: radar_fs_hz | C5: 40 | D5: 원시 레이더 설정
A6: 신호 | B6: range_bins | C6: 92 | D6: I/Q 184개=92쌍
A7: 호흡대역 | B7: S01/NORMAL low-high | C7: 0.15-0.45/0.50 Hz | D7: 정상 호흡 프로토콜 및 drift 억제
A8: 호흡대역 | B8: SLOW low-high | C8: 0.07-0.40 Hz | D8: 유도된 느린 호흡 허용
A9: 호흡대역 | B9: POST_HOLD | C9: 0.15-0.55 Hz | D9: 회복 호흡
A10: 호흡대역 | B10: POST_EXERCISE | C10: 0.15-0.65 Hz | D10: 운동 후 빠른 호흡
A11: 경로 | B11: 보조 후보 bin separation | C11: >=4 bins | D11: 인접 bin 중복 억제
A12: 경로 | B12: 보조 후보 RR difference | C12: <=0.03 Hz | D12: 동일 호흡원 후보
A13: 경로 | B13: 보조 후보 abs correlation | C13: >=0.35 | D13: 파형 유사성
A14: 레이더융합 | B14: outlier rejection | C14: median ±3 bpm | D14: 세 레이더 합의
A15: 거절 | B15: confidence | C15: <0.58 | D15: 개발군 고정
A16: 거절 | B16: radar RR MAD | C16: >4 bpm | D16: 레이더 불일치
A17: 거절 | B17: max motion index | C17: >0.055 | D17: 스쿼트 움직임 분리
A18: 거절 | B18: non-slow edge quality | C18: <0.25 | D18: 대역 하단 drift 피크 거절

Sheet 판단기록
A1: 판단 및 변경 이력
A2: 무엇을 바꿨고 왜 바꿨는지, 결과에 어떤 영향을 주는지 기록합니다.
A4: date | B4: decision | C4: basis | D4: impact
A5: 2026-09-01 | B5: 최종 목표 변경 | C5: 방향 분류를 최종 출력으로 두지 않고 방향 적응형 호흡수·파형·신뢰도 출력으로 전환 | D5: 기존 SNN은 파일럿으로 보관
A6: 2026-09-01 | B6: 10명 개발군 고정 | C6: 이미 결과를 본 참가자이므로 개발 전용 | D6: 나머지 17명은 규칙 동결 후 독립검증
A7: 2026-09-01 | B7: S12 M04=646.804 | C7: 기존 764.472는 S02 494초; 대체 원후보 사용 시 376.356초 | D7: S01·S02 공통 사용 가능
A8: 2026-09-01 | B8: S16 M04=654.944 | C8: 기존 759.140은 S02 477초; 대체 원후보 사용 시 372.932초 | D8: S01·S02 공통 사용 가능
A9: 2026-09-01 | B9: 비느린호흡 하한 0.15 Hz | C9: 0.08~0.12 Hz 잔여 drift가 여러 bin에서 동일 피크로 선택됨; 정상·회복·운동후 프로토콜 사전범위 적용 | D9: 개발군 전체 MAE 2.84→0.50회/분; 독립검증 전 고정
A10: 2026-09-01 | B10: 움직임 거절 임계값 max motion>0.055 | C10: 개발군 비스쿼트 최대 0.043, 스쿼트 9명 0.07 이상 | D10: 스쿼트 9/10 검출, 비스쿼트 오검출 0; S18 예정구간은 움직임 미관측
A11: 2026-09-01 | B11: 보조 경로 후보 용어 | C11: 빈 환경·실험실 기하 정보가 없어 물리 ghost 확정 불가 | D11: 보고서에서 ghost 단정 금지
A12: 2026-09-01 | B12: ANN/SNN 보류 | C12: 신뢰도가 포착하지 못하는 post-hold 실패가 남음 | D12: 기준선과 거절 규칙을 먼저 검증
